taxi,columna,tipo
yellow,Airport_fee,DOUBLE
yellow,DOLocationID,INTEGER
yellow,PULocationID,INTEGER
yellow,RatecodeID,BIGINT
yellow,VendorID,INTEGER
yellow,cbd_congestion_fee,DOUBLE
yellow,congestion_surcharge,DOUBLE
yellow,extra,DOUBLE
yellow,fare_amount,DOUBLE
yellow,improvement_surcharge,DOUBLE
yellow,mta_tax,DOUBLE
yellow,passenger_count,BIGINT
yellow,payment_type,BIGINT
yellow,request_source,VARCHAR
yellow,store_and_fwd_flag,VARCHAR
yellow,tip_amount,DOUBLE
yellow,tolls_amount,DOUBLE
yellow,total_amount,DOUBLE
yellow,tpep_dropoff_datetime,TIMESTAMP
yellow,tpep_pickup_datetime,TIMESTAMP
yellow,trip_distance,DOUBLE
green,DOLocationID,INTEGER
green,PULocationID,INTEGER
green,RatecodeID,BIGINT
green,VendorID,INTEGER
green,cbd_congestion_fee,DOUBLE
green,congestion_surcharge,DOUBLE
green,ehail_fee,DOUBLE
green,extra,DOUBLE
green,fare_amount,DOUBLE
green,improvement_surcharge,DOUBLE
green,lpep_dropoff_datetime,TIMESTAMP
green,lpep_pickup_datetime,TIMESTAMP
green,mta_tax,DOUBLE
green,passenger_count,BIGINT
green,payment_type,BIGINT
green,request_source,VARCHAR
green,store_and_fwd_flag,VARCHAR
green,tip_amount,DOUBLE
green,tolls_amount,DOUBLE
green,total_amount,DOUBLE
green,trip_distance,DOUBLE
green,trip_type,BIGINT
