taxi,anio,mes,registros,sin_detalle,pct_sin_detalle,propina_prom_sin_detalle,propina_prom_tarjeta
yellow,2026,1,3724889,1088058,29.2,0.38,4.14
yellow,2026,2,3399866,1023317,30.1,0.41,4.17
yellow,2026,3,3952451,945748,23.9,0.45,4.16
yellow,2026,4,3831240,799786,20.9,0.45,4.22
yellow,2026,5,4090836,955371,23.4,0.48,4.3
yellow,2026,6,3837248,1013500,26.4,0.39,4.55
yellow,2026,7,3530109,969727,27.5,0.32,4.38
yellow,2026,8,3336716,921181,27.6,0.31,4.31
green,2026,1,40272,5414,13.4,1.01,3.59
green,2026,2,37373,5387,14.4,1.02,3.69
green,2026,3,44208,6692,15.1,0.78,3.74
green,2026,4,44238,6290,14.2,0.78,3.91
green,2026,5,44921,5772,12.8,0.8,3.92
green,2026,6,44163,6472,14.7,0.75,3.94
green,2026,7,41252,6435,15.6,0.61,3.9
green,2026,8,40687,6313,15.5,0.61,4.01
