hora,viajes,velocidad_mediana_mph,minutos_por_milla,distancia_mediana
0,906977,11.8,5.1,2.6
1,602482,12.3,4.9,2.56
2,400968,12.9,4.7,2.63
3,288171,13.8,4.3,2.85
4,235886,15.4,3.9,3.5
5,261191,16.0,3.7,3.72
6,490687,13.8,4.3,2.93
7,856516,11.1,5.4,2.28
8,1149774,9.3,6.5,2.0
9,1203973,8.9,6.8,1.85
10,1219703,8.6,7.0,1.78
11,1316072,8.2,7.4,1.73
12,1423089,8.1,7.4,1.71
13,1488869,8.1,7.4,1.74
14,1614359,8.0,7.5,1.78
15,1668539,7.9,7.6,1.74
16,1599012,8.0,7.5,1.69
17,1766306,8.0,7.5,1.65
18,1832090,8.3,7.2,1.63
19,1664221,8.9,6.7,1.73
20,1654667,9.8,6.2,2.01
21,1715494,10.1,6.0,2.13
22,1591954,10.5,5.7,2.28
23,1264140,11.2,5.4,2.49
