taxi,dia_semana,hora,viajes,pct_del_taxi
yellow,1,0,66940,0.237
yellow,1,1,34364,0.122
yellow,1,2,19487,0.069
yellow,1,3,15167,0.054
yellow,1,4,20513,0.073
yellow,1,5,38649,0.137
yellow,1,6,77680,0.275
yellow,1,7,138768,0.492
yellow,1,8,180369,0.639
yellow,1,9,169918,0.602
yellow,1,10,159951,0.567
yellow,1,11,166435,0.59
yellow,1,12,177397,0.629
yellow,1,13,181863,0.645
yellow,1,14,202813,0.719
yellow,1,15,213492,0.757
yellow,1,16,199166,0.706
yellow,1,17,224036,0.794
yellow,1,18,221874,0.786
yellow,1,19,192106,0.681
yellow,1,20,198189,0.702
yellow,1,21,195076,0.691
yellow,1,22,155806,0.552
yellow,1,23,103295,0.366
yellow,2,0,58811,0.208
yellow,2,1,27167,0.096
yellow,2,2,14572,0.052
yellow,2,3,9633,0.034
yellow,2,4,13683,0.048
yellow,2,5,33007,0.117
yellow,2,6,77227,0.274
yellow,2,7,151823,0.538
yellow,2,8,203992,0.723
yellow,2,9,197518,0.7
yellow,2,10,181964,0.645
yellow,2,11,186387,0.661
yellow,2,12,195558,0.693
yellow,2,13,201069,0.713
yellow,2,14,222437,0.788
yellow,2,15,233729,0.828
yellow,2,16,220230,0.781
yellow,2,17,254614,0.902
yellow,2,18,262358,0.93
yellow,2,19,227233,0.805
yellow,2,20,246296,0.873
yellow,2,21,271475,0.962
yellow,2,22,218977,0.776
yellow,2,23,134417,0.476
yellow,3,0,69595,0.247
yellow,3,1,33343,0.118
yellow,3,2,17393,0.062
yellow,3,3,12153,0.043
yellow,3,4,16315,0.058
yellow,3,5,34827,0.123
yellow,3,6,80355,0.285
yellow,3,7,157162,0.557
yellow,3,8,215059,0.762
yellow,3,9,207067,0.734
yellow,3,10,189245,0.671
yellow,3,11,194849,0.691
yellow,3,12,205516,0.728
yellow,3,13,212494,0.753
yellow,3,14,233440,0.827
yellow,3,15,242452,0.859
yellow,3,16,228996,0.812
yellow,3,17,264127,0.936
yellow,3,18,273520,0.969
yellow,3,19,250950,0.889
yellow,3,20,269131,0.954
yellow,3,21,285466,1.012
yellow,3,22,243791,0.864
yellow,3,23,160183,0.568
yellow,4,0,99348,0.352
yellow,4,1,55179,0.196
yellow,4,2,31368,0.111
yellow,4,3,22389,0.079
yellow,4,4,23325,0.083
yellow,4,5,42392,0.15
yellow,4,6,88805,0.315
yellow,4,7,161747,0.573
yellow,4,8,217361,0.77
yellow,4,9,209606,0.743
yellow,4,10,196626,0.697
yellow,4,11,203524,0.721
yellow,4,12,215521,0.764
yellow,4,13,226145,0.802
yellow,4,14,248726,0.882
yellow,4,15,266214,0.944
yellow,4,16,246403,0.873
yellow,4,17,280516,0.994
yellow,4,18,293156,1.039
yellow,4,19,262823,0.931
yellow,4,20,275139,0.975
yellow,4,21,300218,1.064
yellow,4,22,282497,1.001
yellow,4,23,207022,0.734
yellow,5,0,130292,0.462
yellow,5,1,73221,0.26
yellow,5,2,44162,0.157
yellow,5,3,29193,0.103
yellow,5,4,29121,0.103
yellow,5,5,43709,0.155
yellow,5,6,79240,0.281
yellow,5,7,134673,0.477
yellow,5,8,169839,0.602
yellow,5,9,171366,0.607
yellow,5,10,175130,0.621
yellow,5,11,188698,0.669
yellow,5,12,206892,0.733
yellow,5,13,216595,0.768
yellow,5,14,246818,0.875
yellow,5,15,256467,0.909
yellow,5,16,231189,0.819
yellow,5,17,251372,0.891
yellow,5,18,269328,0.955
yellow,5,19,254592,0.902
yellow,5,20,244339,0.866
yellow,5,21,247236,0.876
yellow,5,22,264278,0.937
yellow,5,23,261814,0.928
yellow,6,0,231791,0.822
yellow,6,1,182669,0.647
yellow,6,2,133287,0.472
yellow,6,3,92554,0.328
yellow,6,4,59903,0.212
yellow,6,5,31153,0.11
yellow,6,6,43118,0.153
yellow,6,7,57314,0.203
yellow,6,8,87008,0.308
yellow,6,9,130887,0.464
yellow,6,10,162722,0.577
yellow,6,11,193886,0.687
yellow,6,12,216602,0.768
yellow,6,13,232458,0.824
yellow,6,14,232973,0.826
yellow,6,15,240214,0.851
yellow,6,16,258202,0.915
yellow,6,17,274231,0.972
yellow,6,18,294236,1.043
yellow,6,19,288306,1.022
yellow,6,20,248133,0.879
yellow,6,21,246311,0.873
yellow,6,22,275859,0.978
yellow,6,23,286777,1.016
yellow,7,0,250200,0.887
yellow,7,1,196539,0.697
yellow,7,2,140699,0.499
yellow,7,3,107082,0.38
yellow,7,4,73026,0.259
yellow,7,5,37454,0.133
yellow,7,6,44262,0.157
yellow,7,7,55029,0.195
yellow,7,8,76146,0.27
yellow,7,9,117611,0.417
yellow,7,10,154065,0.546
yellow,7,11,182293,0.646
yellow,7,12,205603,0.729
yellow,7,13,218245,0.774
yellow,7,14,227152,0.805
yellow,7,15,215971,0.765
yellow,7,16,214826,0.761
yellow,7,17,217410,0.771
yellow,7,18,217618,0.771
yellow,7,19,188211,0.667
yellow,7,20,173440,0.615
yellow,7,21,169712,0.601
yellow,7,22,150746,0.534
yellow,7,23,110632,0.392
green,1,0,483,0.152
green,1,1,230,0.073
green,1,2,137,0.043
green,1,3,96,0.03
green,1,4,172,0.054
green,1,5,366,0.115
green,1,6,1167,0.368
green,1,7,2429,0.766
green,1,8,3010,0.95
green,1,9,2868,0.905
green,1,10,2718,0.858
green,1,11,2444,0.771
green,1,12,2650,0.836
green,1,13,2483,0.783
green,1,14,2867,0.905
green,1,15,3086,0.974
green,1,16,3409,1.076
green,1,17,3612,1.14
green,1,18,3273,1.033
green,1,19,2373,0.749
green,1,20,1811,0.571
green,1,21,1520,0.48
green,1,22,1195,0.377
green,1,23,741,0.234
green,2,0,376,0.119
green,2,1,197,0.062
green,2,2,123,0.039
green,2,3,76,0.024
green,2,4,127,0.04
green,2,5,339,0.107
green,2,6,1167,0.368
green,2,7,2543,0.802
green,2,8,3226,1.018
green,2,9,3185,1.005
green,2,10,2893,0.913
green,2,11,2666,0.841
green,2,12,2758,0.87
green,2,13,2773,0.875
green,2,14,2986,0.942
green,2,15,3304,1.042
green,2,16,3610,1.139
green,2,17,3848,1.214
green,2,18,3470,1.095
green,2,19,2529,0.798
green,2,20,1904,0.601
green,2,21,1637,0.516
green,2,22,1332,0.42
green,2,23,808,0.255
green,3,0,416,0.131
green,3,1,238,0.075
green,3,2,108,0.034
green,3,3,104,0.033
green,3,4,135,0.043
green,3,5,354,0.112
green,3,6,1170,0.369
green,3,7,2639,0.833
green,3,8,3308,1.044
green,3,9,3348,1.056
green,3,10,2869,0.905
green,3,11,2710,0.855
green,3,12,2963,0.935
green,3,13,2827,0.892
green,3,14,3110,0.981
green,3,15,3432,1.083
green,3,16,3716,1.172
green,3,17,3968,1.252
green,3,18,3656,1.153
green,3,19,2656,0.838
green,3,20,1975,0.623
green,3,21,1682,0.531
green,3,22,1390,0.439
green,3,23,891,0.281
green,4,0,651,0.205
green,4,1,320,0.101
green,4,2,199,0.063
green,4,3,117,0.037
green,4,4,173,0.055
green,4,5,368,0.116
green,4,6,1220,0.385
green,4,7,2618,0.826
green,4,8,3215,1.014
green,4,9,3218,1.015
green,4,10,2931,0.925
green,4,11,2857,0.901
green,4,12,2925,0.923
green,4,13,2938,0.927
green,4,14,3285,1.036
green,4,15,3561,1.123
green,4,16,4021,1.269
green,4,17,4409,1.391
green,4,18,4012,1.266
green,4,19,2855,0.901
green,4,20,2016,0.636
green,4,21,1872,0.591
green,4,22,1609,0.508
green,4,23,1022,0.322
green,5,0,607,0.192
green,5,1,330,0.104
green,5,2,182,0.057
green,5,3,112,0.035
green,5,4,165,0.052
green,5,5,375,0.118
green,5,6,1034,0.326
green,5,7,2114,0.667
green,5,8,2589,0.817
green,5,9,2553,0.805
green,5,10,2575,0.812
green,5,11,2472,0.78
green,5,12,2454,0.774
green,5,13,2474,0.781
green,5,14,3078,0.971
green,5,15,3435,1.084
green,5,16,3733,1.178
green,5,17,3744,1.181
green,5,18,3614,1.14
green,5,19,2665,0.841
green,5,20,2020,0.637
green,5,21,1912,0.603
green,5,22,1784,0.563
green,5,23,1429,0.451
green,6,0,1038,0.327
green,6,1,701,0.221
green,6,2,630,0.199
green,6,3,557,0.176
green,6,4,417,0.132
green,6,5,231,0.073
green,6,6,296,0.093
green,6,7,628,0.198
green,6,8,850,0.268
green,6,9,1392,0.439
green,6,10,1756,0.554
green,6,11,2061,0.65
green,6,12,2379,0.751
green,6,13,2407,0.759
green,6,14,2569,0.811
green,6,15,2744,0.866
green,6,16,2723,0.859
green,6,17,2707,0.854
green,6,18,2815,0.888
green,6,19,2369,0.747
green,6,20,1899,0.599
green,6,21,1750,0.552
green,6,22,1715,0.541
green,6,23,1594,0.503
green,7,0,1137,0.359
green,7,1,880,0.278
green,7,2,705,0.222
green,7,3,627,0.198
green,7,4,487,0.154
green,7,5,299,0.094
green,7,6,322,0.102
green,7,7,606,0.191
green,7,8,888,0.28
green,7,9,1351,0.426
green,7,10,1542,0.486
green,7,11,1867,0.589
green,7,12,2335,0.737
green,7,13,2320,0.732
green,7,14,2530,0.798
green,7,15,2627,0.829
green,7,16,2689,0.848
green,7,17,2480,0.782
green,7,18,2654,0.837
green,7,19,2200,0.694
green,7,20,1902,0.6
green,7,21,1631,0.515
green,7,22,1261,0.398
green,7,23,846,0.267
