taxi,desde_usd,viajes,pct_del_taxi
yellow,0.0,2798,0.01
yellow,5.0,319484,1.13
yellow,10.0,3604087,12.77
yellow,15.0,6314357,22.38
yellow,20.0,5205219,18.45
yellow,25.0,3575136,12.67
yellow,30.0,2382490,8.44
yellow,35.0,1650246,5.85
yellow,40.0,1107477,3.93
yellow,45.0,754497,2.67
yellow,50.0,502896,1.78
yellow,55.0,389558,1.38
yellow,60.0,330048,1.17
yellow,65.0,293401,1.04
yellow,70.0,263765,0.93
yellow,75.0,214283,0.76
yellow,80.0,233223,0.83
yellow,85.0,185779,0.66
yellow,90.0,186795,0.66
yellow,95.0,195244,0.69
yellow,100.0,222079,0.79
yellow,105.0,93328,0.33
yellow,110.0,36076,0.13
yellow,115.0,25400,0.09
yellow,120.0,20330,0.07
yellow,125.0,15623,0.06
yellow,130.0,12889,0.05
yellow,135.0,10796,0.04
yellow,140.0,8806,0.03
yellow,145.0,7621,0.03
yellow,150.0,51409,0.18
green,0.0,528,0.17
green,5.0,15851,5.0
green,10.0,60712,19.15
green,15.0,75044,23.68
green,20.0,52225,16.48
green,25.0,35935,11.34
green,30.0,22373,7.06
green,35.0,13397,4.23
green,40.0,9947,3.14
green,45.0,7893,2.49
green,50.0,5898,1.86
green,55.0,3704,1.17
green,60.0,2860,0.9
green,65.0,2005,0.63
green,70.0,1609,0.51
green,75.0,1248,0.39
green,80.0,959,0.3
green,85.0,828,0.26
green,90.0,787,0.25
green,95.0,547,0.17
green,100.0,588,0.19
green,105.0,345,0.11
green,110.0,245,0.08
green,115.0,163,0.05
green,120.0,213,0.07
green,125.0,132,0.04
green,130.0,115,0.04
green,135.0,79,0.02
green,140.0,85,0.03
green,145.0,75,0.02
green,150.0,568,0.18
