columna,tipo,min,max,distintos_aprox,avg,q25,q50,q75,pct_nulos
vendor_id,INTEGER,1,7,4,1.836292851065695,2,2,2,0.0
pickup,TIMESTAMP,2001-01-01 09:23:58,2026-08-31 23:59:59,59913128,2025-05-15 05:10:26.6718,2024-09-30 13:01:37.144778,2025-05-25 18:32:33.534276,2025-12-30 06:22:48.481914,0.0
dropoff,TIMESTAMP,2001-01-01 16:09:38,2026-09-02 09:39:37,57216129,2025-05-15 05:27:56.935022,2024-09-29 18:21:05.103473,2025-05-24 07:39:17.926921,2025-12-29 23:27:35.437806,0.0
passenger_count,BIGINT,0,9,11,1.2998431293420087,1,1,1,19.43
trip_distance,DOUBLE,0.0,398608.62,11001,6.0255038305113375,1.0279323140462944,1.8172949760916433,3.6081643422250105,0.0
ratecode_id,BIGINT,1,99,7,3.145861557944567,1,1,1,19.43
store_and_fwd_flag,VARCHAR,N,Y,2,,,,,19.43
pu_location_id,INTEGER,1,265,298,161.60353957816875,119,161,232,0.0
do_location_id,INTEGER,1,265,298,161.64111145706696,110,162,234,0.0
payment_type,BIGINT,0,5,6,0.9807131754571384,1,1,1,0.1
fare_amount,DOUBLE,-2555.2,863372.12,26624,19.398765019923726,9.300659752743963,14.231665436719558,23.528829503911147,0.0
extra,DOUBLE,-17.39,244.35,496,1.2233845779997508,0.0,1.3470139084989055e-08,2.5,0.0
mta_tax,DOUBLE,-21.74,5243.38,117,0.4821874249078164,0.5,0.5,0.5,0.0
tip_amount,DOUBLE,-333.33,999.99,8438,2.9947527422326385,0.0,2.2976767275464787,4.045797990368341,0.0
tolls_amount,DOUBLE,-148.17,1702.88,5456,0.5260969866359436,0.0,0.0,0.0,0.0
improvement_surcharge,DOUBLE,-1.0,4.0,11,0.958557477587101,1.0,1.0,1.0,0.0
total_amount,DOUBLE,-2560.2,863380.37,61116,27.9708285761624,16.06958625395908,21.70541774449839,31.642355511702032,0.0
congestion_surcharge,DOUBLE,-2.75,2.75,12,2.1893357890629126,2.5,2.5,2.5,19.43
airport_fee,DOUBLE,-2.0,27.0,19,0.15089219942845744,0.0,0.0,0.0,20.64
cbd_congestion_fee,DOUBLE,-0.75,1.75,7,0.5263459623542711,0.0,0.75,0.75,34.52
trip_type,BIGINT,1,2,2,1.050303187856383,1,1,1,98.79
request_source,VARCHAR,A,HV0005,3,,,,,97.59
anio_archivo,INTEGER,2024,2026,3,2024.9027146187416,2024,2025,2025,0.0
mes_archivo,INTEGER,1,12,13,6.108773528113986,3,6,9,0.0
duracion_min,DOUBLE,-300517.51666666666,17165.416666666668,39397,17.50438702014213,8.065159939134213,13.408698865139476,21.500024463699013,0.0
