taxi,vendor_id,pickup,dropoff,passenger_count,trip_distance,ratecode_id,store_and_fwd_flag,pu_location_id,do_location_id,payment_type,fare_amount,extra,mta_tax,tip_amount,tolls_amount,improvement_surcharge,total_amount,congestion_surcharge,airport_fee,cbd_congestion_fee,trip_type,request_source,anio_archivo,mes_archivo,duracion_min
yellow,2,2024-04-21 10:46:33,2024-04-21 10:51:30,1,0.65,1,N,231,231,1,6.5,0.0,0.5,2.1,0.0,1.0,12.6,2.5,0.0,,,,2024,4,4.95
yellow,2,2025-03-26 15:55:21,2025-03-26 16:30:23,1,9.21,1,N,138,148,4,-42.2,-5.0,-0.5,0.0,0.0,-1.0,-53.7,-2.5,-1.75,-0.75,,,2025,3,35.03333333333333
yellow,2,2025-05-18 10:47:23,2025-05-18 10:47:41,1,0.0,2,N,132,132,1,70.0,0.0,0.5,14.8,0.0,1.0,90.55,2.5,1.75,0.0,,,2025,5,0.3
yellow,2,2025-11-09 01:31:55,2025-11-09 01:43:54,,1.65,,,164,158,0,-2.29,0.0,0.5,0.0,0.0,1.0,2.46,,,0.75,,,2025,11,11.983333333333333
yellow,1,2026-01-31 17:40:42,2026-01-31 17:53:52,1,1.5,1,N,79,162,1,12.1,3.25,0.5,3.35,0.0,1.0,20.2,2.5,0.0,0.75,,,2026,1,13.166666666666666
green,2,2024-03-24 14:05:30,2024-03-24 14:14:47,2,1.63,1,N,74,236,1,10.7,0.0,0.5,4.48,0.0,1.0,19.43,2.75,,,1,,2024,3,9.283333333333333
green,1,2024-04-14 09:11:08,2024-04-14 09:15:31,1,0.0,1,N,17,17,1,16.5,0.0,1.5,0.0,0.0,1.0,18.0,0.0,,,1,,2024,4,4.383333333333334
green,2,2025-01-02 18:53:28,2025-01-02 19:04:12,1,1.73,1,N,41,42,2,12.1,2.5,0.5,0.0,0.0,1.0,16.1,0.0,,0.0,1,,2025,1,10.733333333333333
green,2,2025-04-02 10:59:54,2025-04-02 11:15:53,1,1.63,1,N,75,263,1,14.9,0.0,0.5,0.0,0.0,1.0,19.15,2.75,,0.0,1,,2025,4,15.983333333333333
green,2,2026-06-18 22:01:30,2026-06-18 22:31:28,1,4.25,1,N,33,255,1,31.0,1.0,0.5,6.7,0.0,1.0,40.2,0.0,,0.0,1,,2026,6,29.966666666666665
