taxi,mes,registros,relativo_al_promedio
green,2024-01,56551,1.14
green,2024-02,53577,1.08
green,2024-03,57457,1.16
green,2024-04,56471,1.14
green,2024-05,61003,1.23
green,2024-06,54748,1.1
green,2024-07,51837,1.04
green,2024-08,51771,1.04
green,2024-09,54440,1.1
green,2024-10,56147,1.13
green,2024-11,52222,1.05
green,2024-12,53994,1.09
green,2025-01,48326,0.97
green,2025-02,46621,0.94
green,2025-03,51539,1.04
green,2025-04,52132,1.05
green,2025-05,55399,1.12
green,2025-06,49390,0.99
green,2025-07,48205,0.97
green,2025-08,46306,0.93
green,2025-09,48893,0.98
green,2025-10,49416,1.0
green,2025-11,46912,0.94
green,2025-12,48236,0.97
green,2026-01,40272,0.81
green,2026-02,37373,0.75
green,2026-03,44208,0.89
green,2026-04,44238,0.89
green,2026-05,44921,0.9
green,2026-06,44163,0.89
green,2026-07,41252,0.83
green,2026-08,40687,0.82
yellow,2024-01,2964624,0.79
yellow,2024-02,3007526,0.8
yellow,2024-03,3582628,0.96
yellow,2024-04,3514289,0.94
yellow,2024-05,3723833,1.0
yellow,2024-06,3539193,0.95
yellow,2024-07,3076903,0.82
yellow,2024-08,2979183,0.8
yellow,2024-09,3633030,0.97
yellow,2024-10,3833771,1.03
yellow,2024-11,3646369,0.98
yellow,2024-12,3668371,0.98
yellow,2025-01,3475226,0.93
yellow,2025-02,3577543,0.96
yellow,2025-03,4145257,1.11
yellow,2025-04,3970553,1.06
yellow,2025-05,4591845,1.23
yellow,2025-06,4322960,1.16
yellow,2025-07,3898963,1.04
yellow,2025-08,3574091,0.96
yellow,2025-09,4251015,1.14
yellow,2025-10,4428699,1.18
yellow,2025-11,4181444,1.12
yellow,2025-12,4305006,1.15
yellow,2026-01,3724889,1.0
yellow,2026-02,3399866,0.91
yellow,2026-03,3952451,1.06
yellow,2026-04,3831240,1.03
yellow,2026-05,4090836,1.09
yellow,2026-06,3837248,1.03
yellow,2026-07,3530109,0.94
yellow,2026-08,3336716,0.89
