taxi,mes,viajes,viajes_por_dia,indice_vs_primer_mes
yellow,2024-01-01,2866799,92477.0,100.0
yellow,2024-02-01,2898793,99958.0,101.1
yellow,2024-03-01,3436772,110864.0,119.9
yellow,2024-04-01,3411049,113702.0,119.0
yellow,2024-05-01,3613236,116556.0,126.0
yellow,2024-06-01,3425070,114169.0,119.5
yellow,2024-07-01,2970973,95838.0,103.6
yellow,2024-08-01,2864502,92403.0,99.9
yellow,2024-09-01,3480904,116030.0,121.4
yellow,2024-10-01,3678887,118674.0,128.3
yellow,2024-11-01,3506997,116900.0,122.3
yellow,2024-12-01,3515692,113409.0,122.6
yellow,2025-01-01,3250382,104851.0,113.4
yellow,2025-02-01,3304364,118013.0,115.3
yellow,2025-03-01,3824788,123380.0,133.4
yellow,2025-04-01,3669786,122326.0,128.0
yellow,2025-05-01,4090072,131938.0,142.7
yellow,2025-06-01,3866995,128900.0,134.9
yellow,2025-07-01,3492926,112675.0,121.8
yellow,2025-08-01,3178858,102544.0,110.9
yellow,2025-09-01,3836083,127869.0,133.8
yellow,2025-10-01,3941560,127147.0,137.5
yellow,2025-11-01,3641348,121378.0,127.0
yellow,2025-12-01,4047222,130556.0,141.2
yellow,2026-01-01,3514926,113385.0,122.6
yellow,2026-02-01,3208536,114591.0,111.9
yellow,2026-03-01,3760435,121304.0,131.2
yellow,2026-04-01,3671806,122394.0,128.1
yellow,2026-05-01,3909805,126123.0,136.4
yellow,2026-06-01,3643971,121466.0,127.1
yellow,2026-07-01,3343969,107870.0,116.6
yellow,2026-08-01,3161692,101990.0,110.3
green,2024-01-01,53135,1714.0,100.0
green,2024-02-01,50265,1733.0,94.6
green,2024-03-01,53943,1740.0,101.5
green,2024-04-01,52786,1760.0,99.3
green,2024-05-01,57302,1848.0,107.8
green,2024-06-01,51511,1717.0,96.9
green,2024-07-01,48343,1559.0,91.0
green,2024-08-01,48447,1563.0,91.2
green,2024-09-01,51069,1702.0,96.1
green,2024-10-01,52996,1710.0,99.7
green,2024-11-01,48928,1631.0,92.1
green,2024-12-01,50439,1627.0,94.9
green,2025-01-01,45116,1455.0,84.9
green,2025-02-01,43305,1547.0,81.5
green,2025-03-01,47551,1534.0,89.5
green,2025-04-01,48027,1601.0,90.4
green,2025-05-01,51474,1660.0,96.9
green,2025-06-01,46466,1549.0,87.4
green,2025-07-01,45881,1480.0,86.3
green,2025-08-01,44010,1420.0,82.8
green,2025-09-01,46678,1556.0,87.8
green,2025-10-01,46962,1515.0,88.4
green,2025-11-01,44471,1482.0,83.7
green,2025-12-01,45580,1470.0,85.8
green,2026-01-01,38086,1229.0,71.7
green,2026-02-01,35112,1254.0,66.1
green,2026-03-01,41671,1344.0,78.4
green,2026-04-01,41573,1386.0,78.2
green,2026-05-01,42340,1366.0,79.7
green,2026-06-01,41541,1385.0,78.2
green,2026-07-01,38574,1244.0,72.6
green,2026-08-01,38061,1228.0,71.6
