taxi,mes,viajes,pct_con_cargo_cbd,cargo_cbd_cuando_aplica,cargo_cbd_promedio
yellow,2024-01-01,2866799,0.0,,0.0
yellow,2024-02-01,2898793,0.0,,0.0
yellow,2024-03-01,3436772,0.0,,0.0
yellow,2024-04-01,3411049,0.0,,0.0
yellow,2024-05-01,3613236,0.0,,0.0
yellow,2024-06-01,3425070,0.0,,0.0
yellow,2024-07-01,2970973,0.0,,0.0
yellow,2024-08-01,2864502,0.0,,0.0
yellow,2024-09-01,3480904,0.0,,0.0
yellow,2024-10-01,3678887,0.0,,0.0
yellow,2024-11-01,3506997,0.0,,0.0
yellow,2024-12-01,3515692,0.0,,0.0
yellow,2025-01-01,3250382,65.8,0.75,0.493
yellow,2025-02-01,3304364,74.1,0.75,0.555
yellow,2025-03-01,3824788,74.3,0.75,0.558
yellow,2025-04-01,3669786,74.0,0.75,0.555
yellow,2025-05-01,4090072,73.3,0.75,0.55
yellow,2025-06-01,3866995,73.7,0.75,0.553
yellow,2025-07-01,3492926,74.4,0.75,0.558
yellow,2025-08-01,3178858,73.7,0.75,0.553
yellow,2025-09-01,3836083,73.9,0.75,0.554
yellow,2025-10-01,3941560,73.6,0.75,0.552
yellow,2025-11-01,3641348,72.9,0.75,0.546
yellow,2025-12-01,4047222,72.1,0.75,0.541
yellow,2026-01-01,3514926,70.9,0.75,0.532
yellow,2026-02-01,3208536,71.0,0.75,0.532
yellow,2026-03-01,3760435,71.6,0.75,0.537
yellow,2026-04-01,3671806,71.8,0.75,0.538
yellow,2026-05-01,3909805,66.8,0.75,0.501
yellow,2026-06-01,3643971,74.3,0.75,0.557
yellow,2026-07-01,3343969,77.2,0.75,0.579
yellow,2026-08-01,3161692,77.1,0.75,0.579
green,2024-01-01,53135,0.0,,0.0
green,2024-02-01,50265,0.0,,0.0
green,2024-03-01,53943,0.0,,0.0
green,2024-04-01,52786,0.0,,0.0
green,2024-05-01,57302,0.0,,0.0
green,2024-06-01,51511,0.0,,0.0
green,2024-07-01,48343,0.0,,0.0
green,2024-08-01,48447,0.0,,0.0
green,2024-09-01,51069,0.0,,0.0
green,2024-10-01,52996,0.0,,0.0
green,2024-11-01,48928,0.0,,0.0
green,2024-12-01,50439,0.0,,0.0
green,2025-01-01,45116,7.2,0.75,0.054
green,2025-02-01,43305,8.8,0.75,0.066
green,2025-03-01,47551,10.0,0.75,0.075
green,2025-04-01,48027,10.4,0.75,0.078
green,2025-05-01,51474,10.6,0.75,0.079
green,2025-06-01,46466,10.4,0.75,0.078
green,2025-07-01,45881,9.9,0.75,0.074
green,2025-08-01,44010,10.8,0.75,0.081
green,2025-09-01,46678,10.1,0.75,0.075
green,2025-10-01,46962,9.6,0.75,0.072
green,2025-11-01,44471,8.7,0.75,0.065
green,2025-12-01,45580,8.2,0.75,0.062
green,2026-01-01,38086,7.8,0.75,0.058
green,2026-02-01,35112,7.1,0.75,0.053
green,2026-03-01,41671,8.1,0.75,0.061
green,2026-04-01,41573,8.4,0.75,0.063
green,2026-05-01,42340,8.9,0.75,0.067
green,2026-06-01,41541,8.5,0.75,0.064
green,2026-07-01,38574,9.2,0.75,0.069
green,2026-08-01,38061,9.7,0.75,0.073
