taxi,mes,viajes,pct_tarjeta,pct_efectivo,pct_sin_detalle,pct_sin_cargo_o_disputa
yellow,2024-01-01,2866799,80.1,14.7,4.0,1.15
yellow,2024-02-01,2898793,80.0,13.7,5.1,1.16
yellow,2024-03-01,3436772,74.9,13.3,10.6,1.19
yellow,2024-04-01,3411049,74.3,13.2,11.4,1.16
yellow,2024-05-01,3613236,74.8,13.3,10.7,1.21
yellow,2024-06-01,3425070,74.3,13.1,11.3,1.28
yellow,2024-07-01,2970973,75.1,14.6,8.8,1.52
yellow,2024-08-01,2864502,75.1,14.9,8.3,1.65
yellow,2024-09-01,3480904,74.1,12.1,12.4,1.42
yellow,2024-10-01,3678887,76.9,12.3,9.4,1.47
yellow,2024-11-01,3506997,76.8,12.1,9.6,1.45
yellow,2024-12-01,3515692,77.0,13.2,8.2,1.63
yellow,2025-01-01,3250382,74.5,11.3,12.7,1.46
yellow,2025-02-01,3304364,70.0,9.6,19.0,1.4
yellow,2025-03-01,3824788,69.6,9.9,19.0,1.54
yellow,2025-04-01,3669786,71.8,10.4,16.1,1.69
yellow,2025-05-01,4090072,67.6,9.4,21.4,1.62
yellow,2025-06-01,3866995,65.1,9.1,24.2,1.62
yellow,2025-07-01,3492926,65.2,10.0,22.9,1.87
yellow,2025-08-01,3178858,66.8,10.6,20.5,2.08
yellow,2025-09-01,3836083,67.9,8.8,21.6,1.72
yellow,2025-10-01,3941560,71.9,9.3,17.3,1.51
yellow,2025-11-01,3641348,72.2,9.5,17.1,1.21
yellow,2025-12-01,4047222,62.9,9.2,26.8,1.12
yellow,2026-01-01,3514926,62.4,8.3,28.3,1.04
yellow,2026-02-01,3208536,62.3,8.0,28.9,0.8
yellow,2026-03-01,3760435,67.7,8.9,22.8,0.61
yellow,2026-04-01,3671806,70.0,9.3,20.1,0.5
yellow,2026-05-01,3909805,68.0,9.0,22.4,0.48
yellow,2026-06-01,3643971,65.0,9.3,25.3,0.48
yellow,2026-07-01,3343969,63.5,9.8,26.2,0.51
yellow,2026-08-01,3161692,63.1,9.9,26.5,0.53
green,2024-01-01,53135,64.7,28.6,6.1,0.48
green,2024-02-01,50265,65.9,28.0,5.6,0.41
green,2024-03-01,53943,66.2,29.7,3.8,0.36
green,2024-04-01,52786,68.9,27.1,3.7,0.37
green,2024-05-01,57302,69.2,27.2,3.2,0.42
green,2024-06-01,51511,69.0,27.0,3.5,0.39
green,2024-07-01,48343,69.0,27.4,3.2,0.41
green,2024-08-01,48447,69.3,27.1,3.2,0.42
green,2024-09-01,51069,70.5,26.0,3.2,0.33
green,2024-10-01,52996,71.0,25.7,3.0,0.36
green,2024-11-01,48928,71.3,25.3,3.1,0.34
green,2024-12-01,50439,70.3,25.6,3.8,0.38
green,2025-01-01,45116,71.4,24.3,3.9,0.35
green,2025-02-01,43305,71.5,23.4,4.7,0.43
green,2025-03-01,47551,69.4,24.3,5.8,0.43
green,2025-04-01,48027,71.3,23.3,5.1,0.3
green,2025-05-01,51474,72.0,22.5,5.1,0.4
green,2025-06-01,46466,70.0,23.1,6.6,0.35
green,2025-07-01,45881,66.9,22.4,10.4,0.33
green,2025-08-01,44010,66.9,22.8,10.0,0.31
green,2025-09-01,46678,68.3,20.7,10.7,0.22
green,2025-10-01,46962,69.7,20.3,9.7,0.26
green,2025-11-01,44471,68.3,20.1,11.3,0.31
green,2025-12-01,45580,67.0,21.3,11.4,0.3
green,2026-01-01,38086,66.2,20.9,12.6,0.33
green,2026-02-01,35112,65.8,20.3,13.6,0.35
green,2026-03-01,41671,66.0,19.6,14.1,0.3
green,2026-04-01,41573,67.0,19.3,13.4,0.28
green,2026-05-01,42340,68.0,20.0,11.8,0.22
green,2026-06-01,41541,66.9,19.3,13.5,0.26
green,2026-07-01,38574,66.9,18.5,14.3,0.27
green,2026-08-01,38061,65.5,19.9,14.4,0.24
