anio,mes,viajes,velocidad_mediana_mph,minutos_por_milla,duracion_mediana_min
2024,1,1165987,8.01,7.49,11.0
2024,2,1138546,7.73,7.76,11.4
2024,3,1215693,7.64,7.85,11.9
2024,4,1290331,7.54,7.96,12.1
2024,5,1400067,7.18,8.35,12.7
2024,6,1223508,7.44,8.05,12.2
2024,7,1184206,7.76,7.72,11.8
2024,8,1074317,7.84,7.66,11.6
2024,9,1212228,6.99,8.59,13.0
2024,10,1390224,6.94,8.64,13.0
2024,11,1263801,7.03,8.53,12.6
2024,12,1290726,6.87,8.74,12.9
2025,1,1294091,7.98,7.52,10.9
2025,2,1195097,7.77,7.72,11.3
2025,3,1245908,7.71,7.78,11.6
2025,4,1357566,7.5,8.0,12.0
2025,5,1417161,7.09,8.45,12.9
2025,6,1312359,7.48,8.02,12.3
2025,7,1276549,7.57,7.92,12.2
2025,8,1034918,7.98,7.52,11.7
2025,9,1315078,7.02,8.54,13.2
2025,10,1437462,6.89,8.71,13.2
2025,11,1207456,6.79,8.83,13.3
2025,12,1400558,6.91,8.68,13.2
2026,1,1195570,7.5,8.0,12.0
2026,2,1047677,6.74,8.89,13.1
2026,3,1276600,7.37,8.14,12.1
2026,4,1283928,7.16,8.37,12.6
2026,5,1273753,6.81,8.81,13.3
2026,6,1311451,7.03,8.54,13.1
2026,7,1223894,7.32,8.2,12.8
2026,8,1028647,7.58,7.92,12.3
