taxi,anio,mes,viajes,viajes_por_dia,var_vs_anio_anterior_pct,pct_del_mes
yellow,2024,1,2866799,92477.0,,98.18
yellow,2024,2,2898793,99958.0,,98.3
yellow,2024,3,3436772,110864.0,,98.45
yellow,2024,4,3411049,113702.0,,98.48
yellow,2024,5,3613236,116556.0,,98.44
yellow,2024,6,3425070,114169.0,,98.52
yellow,2024,7,2970973,95838.0,,98.4
yellow,2024,8,2864502,92403.0,,98.34
yellow,2024,9,3480904,116030.0,,98.55
yellow,2024,10,3678887,118674.0,,98.58
yellow,2024,11,3506997,116900.0,,98.62
yellow,2024,12,3515692,113409.0,,98.59
yellow,2025,1,3250382,104851.0,13.4,98.63
yellow,2025,2,3304364,118013.0,14.0,98.71
yellow,2025,3,3824788,123380.0,11.3,98.77
yellow,2025,4,3669786,122326.0,7.6,98.71
yellow,2025,5,4090072,131938.0,13.2,98.76
yellow,2025,6,3866995,128900.0,12.9,98.81
yellow,2025,7,3492926,112675.0,17.6,98.7
yellow,2025,8,3178858,102544.0,11.0,98.63
yellow,2025,9,3836083,127869.0,10.2,98.8
yellow,2025,10,3941560,127147.0,7.1,98.82
yellow,2025,11,3641348,121378.0,3.8,98.79
yellow,2025,12,4047222,130556.0,15.1,98.89
yellow,2026,1,3514926,113385.0,8.1,98.93
yellow,2026,2,3208536,114591.0,-2.9,98.92
yellow,2026,3,3760435,121304.0,-1.7,98.9
yellow,2026,4,3671806,122394.0,0.1,98.88
yellow,2026,5,3909805,126123.0,-4.4,98.93
yellow,2026,6,3643971,121466.0,-5.8,98.87
yellow,2026,7,3343969,107870.0,-4.3,98.86
yellow,2026,8,3161692,101990.0,-0.5,98.81
green,2024,1,53135,1714.0,,1.82
green,2024,2,50265,1733.0,,1.7
green,2024,3,53943,1740.0,,1.55
green,2024,4,52786,1760.0,,1.52
green,2024,5,57302,1848.0,,1.56
green,2024,6,51511,1717.0,,1.48
green,2024,7,48343,1559.0,,1.6
green,2024,8,48447,1563.0,,1.66
green,2024,9,51069,1702.0,,1.45
green,2024,10,52996,1710.0,,1.42
green,2024,11,48928,1631.0,,1.38
green,2024,12,50439,1627.0,,1.41
green,2025,1,45116,1455.0,-15.1,1.37
green,2025,2,43305,1547.0,-13.8,1.29
green,2025,3,47551,1534.0,-11.8,1.23
green,2025,4,48027,1601.0,-9.0,1.29
green,2025,5,51474,1660.0,-10.2,1.24
green,2025,6,46466,1549.0,-9.8,1.19
green,2025,7,45881,1480.0,-5.1,1.3
green,2025,8,44010,1420.0,-9.2,1.37
green,2025,9,46678,1556.0,-8.6,1.2
green,2025,10,46962,1515.0,-11.4,1.18
green,2025,11,44471,1482.0,-9.1,1.21
green,2025,12,45580,1470.0,-9.6,1.11
green,2026,1,38086,1229.0,-15.6,1.07
green,2026,2,35112,1254.0,-18.9,1.08
green,2026,3,41671,1344.0,-12.4,1.1
green,2026,4,41573,1386.0,-13.4,1.12
green,2026,5,42340,1366.0,-17.7,1.07
green,2026,6,41541,1385.0,-10.6,1.13
green,2026,7,38574,1244.0,-15.9,1.14
green,2026,8,38061,1228.0,-13.5,1.19
