taxi,anio_archivo,mes_archivo,viajes
green,2024,1,53135
green,2024,2,50265
green,2024,3,53943
green,2024,4,52786
green,2024,5,57302
green,2024,6,51511
green,2024,7,48343
green,2024,8,48447
green,2024,9,51069
green,2024,10,52996
green,2024,11,48928
green,2024,12,50439
green,2026,1,38086
green,2026,2,35112
green,2026,3,41671
green,2026,4,41573
green,2026,5,42340
green,2026,6,41541
green,2026,7,38574
green,2026,8,38061
yellow,2024,1,2866799
yellow,2024,2,2898793
yellow,2024,3,3436772
yellow,2024,4,3411049
yellow,2024,5,3613236
yellow,2024,6,3425070
yellow,2024,7,2970973
yellow,2024,8,2864502
yellow,2024,9,3480904
yellow,2024,10,3678887
yellow,2024,11,3506997
yellow,2024,12,3515692
yellow,2026,1,3514926
yellow,2026,2,3208536
yellow,2026,3,3760435
yellow,2026,4,3671806
yellow,2026,5,3909805
yellow,2026,6,3643971
yellow,2026,7,3343969
yellow,2026,8,3161692
