taxi,payment_type,viajes,total_promedio_usd,importe_registrado_usd,propina_promedio_usd,distancia_promedio_millas
green,1,1022247,25.410167151384165,25975467.14000101,3.7160431676487877,2.8767532504375755
green,2,354469,20.964633042663447,7431312.509999869,5.501186281451975e-05,2.9034283110793973
green,3,3782,16.291718667371775,61615.28000000006,0.032929666842940235,1.3753913273400278
green,4,1379,16.326910804931096,22514.809999999983,0.0011312545322697608,1.2662654097171857
green,5,34,18.89558823529412,642.45,0.0,2.1911764705882355
green,,109732,31.400099241788904,3445595.68999998,1.7525282506470299,5.969952520686744
yellow,0,19566382,28.338709542197744,554486016.2896862,0.4734065025408547,3.7252342011912924
yellow,1,78940552,29.929938375821145,2362685856.7133045,4.316450607166256,3.4141594293643394
yellow,2,12119826,25.265485739617777,306213290.9696488,0.000262654760885181,3.3981675628007255
yellow,3,368921,25.49269531959256,9404790.649999406,0.007374776713713775,3.2366104938456366
yellow,4,1033516,29.08115701160561,30055841.070006587,0.009568569814110276,4.000835526494388
yellow,5,1,71.99,71.99,0.0,10.0
