taxi,borough,zona,viajes,total_promedio_usd,duracion_promedio_min
yellow,Manhattan,Upper East Side South,5121279,21.244493510341538,12.342959310880408
yellow,Manhattan,Midtown Center,4976809,26.03126777216057,15.678018274360024
yellow,Queens,JFK Airport,4871443,81.65439029442109,42.98117382946753
yellow,Manhattan,Upper East Side North,4549516,21.65458313152571,12.532701463920981
yellow,Manhattan,Midtown East,3656762,25.196497231692145,15.013414294759702
yellow,Manhattan,Penn Station/Madison Sq West,3635406,26.049214813960717,16.91676418443137
yellow,Manhattan,Times Sq/Theatre District,3546640,29.351336924513095,17.15132210110595
yellow,Manhattan,Lincoln Square East,3377775,22.86833832626178,13.229530060468466
yellow,Queens,LaGuardia Airport,3200425,69.45621089075385,31.465263967545987
yellow,Manhattan,Murray Hill,3061741,24.84966906409657,14.84349021792955
yellow,Manhattan,Union Sq,2988120,23.781037307731374,14.336530371381643
yellow,Manhattan,Midtown North,2980608,25.818018907539674,15.34325666105713
yellow,Manhattan,Upper West Side South,2953169,22.684147104345897,12.942342818850173
yellow,Manhattan,East Chelsea,2938854,26.766596632558333,16.923802191829616
yellow,Manhattan,East Village,2767037,24.10993320652829,14.033186684288488
yellow,Manhattan,Clinton East,2699710,24.971359446010865,14.378714744670113
yellow,Manhattan,West Village,2526417,24.007451628132692,14.280987897089203
yellow,Manhattan,Lenox Hill West,2485046,21.593972192058303,12.514065118580058
yellow,Manhattan,Midtown South,2403112,25.50843516656354,15.003967126792029
yellow,Manhattan,Lenox Hill East,2183256,23.820194933619025,14.536360570328547
yellow,Manhattan,Gramercy,2164912,23.48805131108868,13.878286553910607
yellow,Manhattan,Upper West Side North,2088646,22.420219022273198,12.932520526056999
yellow,Manhattan,Yorkville West,2062299,22.09476702456496,12.327279313038737
yellow,Manhattan,West Chelsea/Hudson Yards,2013843,25.871003350308353,15.94836747452491
yellow,Manhattan,Sutton Place/Turtle Bay North,1846203,23.325830404346203,13.94610153018561
yellow,Manhattan,Flatiron,1736004,23.722757090417907,14.137386482596307
yellow,Manhattan,Greenwich Village South,1632001,24.248008886022223,14.370822893695196
yellow,Manhattan,Garment District,1594545,25.90537008989792,15.845204295478432
yellow,Manhattan,Central Park,1575990,23.64392194747402,14.570201799080577
yellow,Manhattan,Greenwich Village North,1574297,23.727202192467786,14.375948979131717
yellow,Manhattan,TriBeCa/Civic Center,1532449,28.135260031490017,17.276328934927076
yellow,Manhattan,Yorkville East,1527266,23.2338300859166,13.04011096735362
yellow,Manhattan,Lower East Side,1351835,26.86212029574537,15.688925287972769
yellow,Manhattan,Lincoln Square West,1254686,22.701444735973528,13.315916346134857
yellow,Manhattan,Kips Bay,1236707,23.650583727595734,14.53251654056561
yellow,Manhattan,UN/Turtle Bay South,1233350,26.001102371591898,15.07134169808528
yellow,Manhattan,Little Italy/NoLiTa,1208543,25.835602705077367,16.06994389111534
yellow,Manhattan,Meatpacking/West Village West,1127611,26.176137293802228,15.867979323838998
yellow,Manhattan,SoHo,935043,25.864906266344757,16.248614074432936
yellow,Manhattan,Manhattan Valley,883756,22.309684765930676,13.651724910495632
yellow,Manhattan,East Harlem South,790524,23.474148552100345,15.979748622432751
yellow,Manhattan,Clinton West,729264,25.01762560609322,14.811197362454909
yellow,Manhattan,Financial District North,723710,32.18441150461128,19.29101972244889
yellow,Manhattan,Battery Park City,695185,33.06920672914574,18.738673087019954
yellow,Manhattan,Morningside Heights,605070,25.104951741120313,16.50168349667529
yellow,Manhattan,Hudson Sq,557906,26.08418756923288,15.673958366940967
yellow,Manhattan,World Trade Center,556248,33.224047115675724,20.79068296275522
yellow,Manhattan,Central Harlem,425967,24.310458415792255,17.568201175208472
yellow,Manhattan,East Harlem North,379953,24.732890462766978,17.734708985935978
green,Manhattan,East Harlem North,375915,21.324484657435914,13.615442941445005
yellow,Manhattan,Financial District South,373231,33.83955274347514,20.71123848233403
yellow,Queens,East Elmhurst,340844,66.48462848106817,30.422989989555496
yellow,Manhattan,Alphabet City,318801,25.548022245847715,16.164138234614494
yellow,Manhattan,Bloomingdale,307567,23.746429688489677,15.061881367853662
yellow,Manhattan,Central Harlem North,276747,27.176080246575832,21.64604367888363
yellow,Manhattan,Two Bridges/Seward Park,257517,28.88442630971571,18.989381542448367
yellow,Manhattan,Seaport,242503,31.121194913051188,18.86501431597409
yellow,Manhattan,Chinatown,220660,29.609641439316327,19.718491495211417
yellow,Manhattan,Stuy Town/Peter Cooper Village,217171,24.734992747647144,15.201233513375822
yellow,Unknown,N/A,217037,31.327584006412902,17.692081304109422
green,Manhattan,East Harlem South,212150,21.47767975489042,13.007084374263563
yellow,Brooklyn,Williamsburg (North Side),185286,31.68174800038595,20.988374189091427
yellow,Manhattan,Washington Heights South,184614,31.18810296076802,22.05418548972446
yellow,Manhattan,Hamilton Heights,176377,28.407754865993915,20.422650440061172
yellow,Queens,Astoria,164317,30.250446514964885,21.682858133972744
yellow,Queens,Long Island City/Hunters Point,156643,38.78742420663182,21.83154934043224
yellow,Queens,Sunnyside,151375,39.83779957060033,22.231323754472832
yellow,Brooklyn,Crown Heights North,142643,31.449774962667735,30.54235410547072
yellow,Brooklyn,Williamsburg (South Side),133179,32.170549185680734,21.662854128653862
yellow,Manhattan,Manhattanville,119614,26.039769006971273,18.20969131261115
yellow,Brooklyn,Downtown Brooklyn/MetroTech,116547,32.857421812658764,23.720202865224703
yellow,Brooklyn,Fort Greene,116278,31.407563941587483,24.725736883446064
yellow,Brooklyn,Bushwick South,116150,33.399736289279566,26.823859664227257
yellow,Brooklyn,Brooklyn Heights,115237,33.734327169224535,24.845858968907688
yellow,Brooklyn,Greenpoint,115112,31.859733476960322,21.607806889522102
yellow,Brooklyn,East Williamsburg,111640,33.82722733787033,22.067099904454718
yellow,Brooklyn,DUMBO/Vinegar Hill,104988,33.3111540366511,22.27231858244108
yellow,Brooklyn,East New York,102444,31.303714614812606,34.54006969661466
yellow,Brooklyn,Boerum Hill,100285,31.891999301988545,25.49243705439502
yellow,Brooklyn,Park Slope,95989,33.15865901301122,27.046506544152642
yellow,Queens,Jackson Heights,90833,37.52236632060882,19.952646982190643
yellow,Brooklyn,Stuyvesant Heights,87859,32.87366985738447,31.153263562450523
yellow,Queens,Long Island City/Queens Plaza,84853,29.770386550857967,19.8008414552226
yellow,Brooklyn,Prospect-Lefferts Gardens,84849,31.205741257999154,32.41052438253054
yellow,Queens,Jamaica,80811,35.72047728650749,26.36869650583866
yellow,Brooklyn,Bedford,79799,31.16548290078781,27.82015960935188
yellow,Brooklyn,Flatbush/Ditmas Park,78323,33.12633645289341,33.93952755469856
yellow,Manhattan,Washington Heights North,76347,33.584486489317335,23.90873817351477
green,Queens,Forest Hills,72633,22.215078132529367,14.255534674321577
yellow,Brooklyn,Clinton Hill,72610,32.25740683101485,28.284007712436296
green,Manhattan,Central Park,72284,23.28949477062718,13.947820172283357
yellow,Brooklyn,Bushwick North,71345,32.91626322797658,24.24853061415189
green,Manhattan,Morningside Heights,71089,22.740000422006297,13.784572390477676
yellow,Queens,South Ozone Park,69964,56.34023369161052,19.785101385474242
yellow,Brooklyn,Canarsie,69855,31.664078591368032,34.51557798296466
green,Manhattan,Central Harlem,61734,19.71735332231835,12.623559680780946
yellow,Queens,Old Astoria,61665,31.93306997486464,23.97691910592177
green,Queens,Elmhurst,60891,24.207132909625567,14.817376952258938
yellow,Bronx,Mott Haven/Port Morris,58203,30.21900348779298,24.64220773270565
yellow,Brooklyn,Brownsville,57780,29.988823295258246,34.27504095996299
yellow,Queens,Steinway,57031,42.37011064158048,21.973811903467652
yellow,Queens,Woodside,56432,33.60804703005416,19.7764775895473
yellow,Queens,Elmhurst,54442,31.202251019433778,22.376719260864814
yellow,Brooklyn,East Flatbush/Remsen Village,53724,29.201706313751984,31.949268793587
yellow,Queens,Richmond Hill,52541,39.824725833159384,25.23382501284711
yellow,Brooklyn,Ocean Hill,52248,31.962369277293238,31.85009888735773
yellow,Queens,Flushing Meadows-Corona Park,51900,64.8322350674362,24.991141618497128
yellow,Queens,Forest Hills,49850,33.84512236710164,27.144641925777396
green,Brooklyn,Fort Greene,48922,23.234011078860284,16.85724009648011
yellow,Brooklyn,Flatlands,47555,30.17906508253614,35.44142011004804
yellow,Queens,Baisley Park,47428,64.58447140929273,37.28083586348432
yellow,Brooklyn,East Flatbush/Farragut,46788,30.093957852440955,33.05412605796361
green,Brooklyn,Downtown Brooklyn/MetroTech,44428,26.150825380390874,17.45114117223369
yellow,Queens,Queensbridge/Ravenswood,42726,30.693633150774886,23.403152647100164
yellow,Brooklyn,Crown Heights South,41716,30.718382634960335,31.708658947805766
green,Queens,Jamaica,41260,30.91449660688331,18.05128817256421
yellow,Manhattan,Battery Park,39471,33.85943958855876,21.59994426287654
yellow,Brooklyn,Sunset Park West,38720,37.0781647727275,30.54334323347109
yellow,Bronx,West Concourse,38432,34.25544155911758,26.58426094573967
yellow,Brooklyn,Prospect Heights,37842,33.255348026003034,27.265832936948378
yellow,Queens,Maspeth,37642,40.26703841453731,20.661521704479053
yellow,Queens,Ridgewood,37017,30.556448118432122,24.473122709385784
yellow,Brooklyn,Bay Ridge,34079,36.71195457613224,34.897644688322195
yellow,Brooklyn,Red Hook,33997,48.83343412654086,30.17183133805922
yellow,Queens,South Jamaica,33951,47.261578156756215,34.34049659803833
yellow,Manhattan,Inwood,33929,33.2027822806451,25.71343933901181
green,Manhattan,Washington Heights South,33454,35.54334070664203,20.456980231561765
yellow,Bronx,East Concourse/Concourse Village,33404,31.463561848880424,33.36036303037555
yellow,Brooklyn,Cobble Hill,33393,32.67125116042292,23.429124367382343
yellow,Brooklyn,Erasmus,32471,31.91475347232923,32.43222208534789
yellow,Brooklyn,Carroll Gardens,32425,33.96185566692374,23.166873811359533
yellow,Bronx,Melrose South,30017,29.53058666755506,29.92606800590775
yellow,Bronx,Soundview/Castle Hill,29035,34.10741966592055,34.25314505481889
green,Manhattan,Central Harlem North,28288,20.954429793552094,14.03787236048263
yellow,Brooklyn,Coney Island,28161,41.335054152906636,49.41735260348248
yellow,Queens,Saint Albans,27294,37.718486480545195,41.26059268215235
yellow,Bronx,Co-Op City,26785,40.77592010453627,44.827227303839194
yellow,Brooklyn,Cypress Hills,26454,31.38024230740157,30.021739623497375
yellow,Brooklyn,East New York/Pennsylvania Avenue,26432,31.375426377118654,34.72882553974983
green,Brooklyn,DUMBO/Vinegar Hill,26214,34.07545395590141,20.91746140739042
yellow,Queens,Flushing,25617,34.23217589881722,28.446728734824493
yellow,Queens,Corona,24634,38.18305512706026,28.759959135070805
yellow,Bronx,Williamsbridge/Olinville,24531,37.3193033304798,39.685563164974965
yellow,Queens,Briarwood/Jamaica Hills,24231,42.60590854690284,27.03978306026717
yellow,Bronx,University Heights/Morris Heights,23303,32.86481654722569,34.25169291507533
yellow,Queens,Springfield Gardens South,23075,64.85134734561282,37.63030263633081
yellow,N/A,Outside of NYC,23070,89.47886345903821,17.357501806097364
yellow,Queens,Woodhaven,22873,31.977345778865995,28.17630685378687
yellow,Bronx,Parkchester,22787,36.92597226488791,39.7631295621773
yellow,Bronx,Morrisania/Melrose,22705,31.10044703809738,33.507789033252614
green,Queens,Astoria,22511,21.99038647772209,14.672069210608145
yellow,Queens,Kew Gardens,22328,50.00455840200677,22.59931326884032
yellow,Brooklyn,Gowanus,22202,33.476262048464086,25.9787992072786
yellow,Queens,Rego Park,22157,38.00305366249945,26.411067232326847
green,Queens,Jackson Heights,21727,23.156069406728907,15.4160453199552
yellow,Brooklyn,Starrett City,21408,34.87768637892383,42.44349308669655
yellow,Brooklyn,Borough Park,21236,28.305168581653852,32.93933414955739
yellow,Brooklyn,Marine Park/Mill Basin,20926,31.712514097295323,34.34509621204879
yellow,Bronx,Mount Hope,20803,30.947827717156294,31.37256084859552
yellow,Queens,Elmhurst/Maspeth,20697,36.5859346765232,19.788202799117418
yellow,Queens,Queens Village,20490,38.47284870668625,36.336706523507395
yellow,Brooklyn,Midwood,20414,29.531413245811766,36.36539466379278
yellow,Queens,Springfield Gardens North,20059,38.508961064858724,42.815290725692485
yellow,Bronx,East Tremont,19922,33.516498343540015,35.94782819663349
yellow,Bronx,Highbridge,19818,35.67844686648507,31.007235846200473
yellow,Brooklyn,Sheepshead Bay,18870,35.45878643349249,41.78686274509804
yellow,Queens,Far Rockaway,18641,49.373728340754425,60.58968313574021
yellow,Brooklyn,Kensington,18158,35.13367716708895,30.26056650879315
yellow,Queens,Hammels/Arverne,18019,48.64741606082497,58.08366539023625
yellow,Bronx,Bedford Park,17657,34.53017839950173,36.02288799531821
green,Queens,Woodside,17379,24.64325105011796,15.703487926041028
yellow,Bronx,Soundview/Bruckner,16127,32.89739753208917,29.06196337405184
yellow,Bronx,Van Cortlandt Village,15911,35.79449186097676,37.2176104581736
yellow,Bronx,Claremont/Bathgate,15747,32.61903664190031,35.457416227429576
yellow,Bronx,Spuyten Duyvil/Kingsbridge,15221,36.26764010248975,31.556303790815328
yellow,Brooklyn,Bensonhurst West,15167,31.180150985692716,35.08934968462232
yellow,Bronx,West Farms/Bronx River,15143,33.58724559202292,31.385356270223863
green,Queens,Kew Gardens,15093,21.73908964420593,14.237104397181914
yellow,Bronx,Van Nest/Morris Park,14782,34.253097686375625,35.93524556893522
yellow,Brooklyn,South Williamsburg,14741,30.833630689912525,25.99471428894469
yellow,Brooklyn,Homecrest,14589,29.793441634107946,36.096607032695886
yellow,Bronx,Westchester Village/Unionport,14534,33.759499793587686,33.198860144030085
yellow,Bronx,Hunts Point,14373,32.20505531204357,30.041917716088065
yellow,Queens,Middle Village,14349,35.1924315283296,24.848194996166967
yellow,Bronx,Norwood,14333,37.114161027000776,38.36635503151245
yellow,Queens,Hillcrest/Pomonok,14330,34.0427306350317,32.763596185159344
green,Brooklyn,Brooklyn Heights,14227,31.02602656919944,18.516270705934733
yellow,Brooklyn,Brooklyn Navy Yard,13937,35.844975245748756,21.424506708760866
yellow,Bronx,Woodlawn/Wakefield,13796,39.233418382139895,39.64225620952937
yellow,Queens,Jamaica Estates,13732,35.622458491115836,31.901102048742594
yellow,Brooklyn,Sunset Park East,13731,33.39763090816406,34.35098196295485
yellow,Bronx,Eastchester,13225,37.64936332703237,39.829282923755564
green,Queens,Elmhurst/Maspeth,13019,24.146133343574768,15.54186829505593
yellow,Queens,North Corona,12982,29.361173933138325,22.952511169311357
yellow,Queens,Glendale,12602,29.790616568798686,24.777187483468264
green,Queens,Flushing Meadows-Corona Park,12588,68.4295972354625,26.350198601843058
yellow,Bronx,Schuylerville/Edgewater Park,12515,36.95447862564942,31.952479691037436
yellow,Queens,Howard Beach,12459,41.05921181475251,28.62814832651096
yellow,Bronx,Crotona Park East,12436,32.79932775812182,33.36678326364315
yellow,Bronx,Kingsbridge Heights,12349,34.09161146651568,36.697176559505486
yellow,Brooklyn,Brighton Beach,12111,37.810045413260745,44.73147138964584
green,Queens,Flushing,11720,32.600833617747384,20.934095563139934
yellow,Bronx,Longwood,11449,31.77672198445296,32.25509360351703
yellow,Manhattan,Roosevelt Island,11312,37.225837164073646,31.43438089344646
yellow,Brooklyn,Windsor Terrace,11269,38.24578312183867,30.292587333984063
yellow,Bronx,Bronxdale,11101,36.95814250968399,40.383148665285376
yellow,Brooklyn,Madison,11017,29.8284460379414,36.43161326434903
yellow,Queens,Kew Gardens Hills,10972,34.685257929274755,31.466147162474208
yellow,Brooklyn,Bensonhurst East,10966,32.14959511216492,37.64998784120617
yellow,Queens,Ozone Park,10853,34.73712982585471,26.25460702110013
yellow,Queens,Laurelton,10563,42.17841616964906,45.782610685095776
green,Manhattan,Hamilton Heights,10492,24.88607891727031,15.441233002922884
green,Manhattan,Upper East Side North,10374,22.947727973780644,13.727400231347604
green,Manhattan,Bloomingdale,10280,21.07331225680932,12.989439040207532
yellow,Bronx,Pelham Parkway,10203,35.53599137508593,38.212935737854856
green,Queens,Steinway,10141,22.876203530223815,13.817458830490075
yellow,Queens,Rosedale,10107,46.02769565647603,43.50738267207545
yellow,Brooklyn,Gravesend,9921,37.08003225481309,44.176395188657075
yellow,Bronx,Belmont,9714,34.16624871319756,35.67927390021273
yellow,Queens,Hollis,8944,35.40001006261193,34.34693835718542
yellow,Bronx,Riverdale/North Riverdale/Fieldston,8936,41.33336504028625,35.227159803043875
yellow,Queens,Cambria Heights,8688,46.63634323204449,45.9446286065071
yellow,Brooklyn,Dyker Heights,8680,34.51395737327189,31.178690476190514
yellow,Bronx,Fordham South,8638,32.48998495022005,35.21739214324305
yellow,Bronx,Allerton/Pelham Gardens,8271,36.275267803167814,38.117380002418074
yellow,Brooklyn,Columbia Street,8267,35.85714285714284,23.402308374662315
yellow,Queens,Bellerose,7780,39.67620822622113,31.320799057412163
green,Brooklyn,Boerum Hill,7622,26.159837313041162,17.49523528382751
yellow,Brooklyn,Prospect Park,6999,33.050435776539494,27.49442539410392
yellow,Queens,College Point,6865,36.618821558630756,26.816178684146635
green,Queens,Queensbridge/Ravenswood,6638,22.011117806568173,13.8443507080446
yellow,Brooklyn,Manhattan Beach,6570,35.678875190258736,37.56297057331304
yellow,Queens,Murray Hill-Queens,6539,32.99547790181987,31.395246469898524
green,Brooklyn,Williamsburg (North Side),6091,34.1615563946807,17.717966398511468
yellow,Queens,Bayside,5956,36.181984553391544,31.2982034922767
green,Manhattan,Manhattanville,5924,22.295680283592137,13.965831082601838
yellow,Queens,Whitestone,5872,36.30629257493185,27.05706460036328
yellow,Brooklyn,Bath Beach,5849,35.107532911608814,34.97325753690088
green,Brooklyn,East Williamsburg,5746,50.26944831186906,18.4095950806358
green,Brooklyn,Park Slope,5688,35.402255625879064,20.527411509610864
yellow,Queens,Queensboro Hill,5654,32.50676158471875,26.627726683174167
yellow,Queens,Rockaway Park,5576,46.558409253945406,48.361704925872765
green,Brooklyn,Red Hook,5444,58.56714915503304,27.81854641195199
yellow,Manhattan,Randalls Island,5270,61.3213092979128,22.703238456673006
yellow,Brooklyn,Ocean Parkway South,5196,30.56852578906849,33.783358994098045
yellow,Bronx,Pelham Bay,5164,37.54912277304416,37.32754002065582
yellow,Queens,Glen Oaks,5118,42.33471473231729,33.31031327341412
green,Queens,Rego Park,5114,24.427205709816203,18.6882120975101
yellow,Queens,Fresh Meadows,5089,34.596675181764574,31.436090915045533
green,Queens,Maspeth,4776,48.649101758793904,18.39914852037969
green,Brooklyn,Sheepshead Bay,4772,19.164742246437516,11.498107013132163
green,Bronx,West Concourse,4615,51.122398699891676,23.007634525099302
green,Brooklyn,Coney Island,4250,42.103444705882346,36.008039215686274
yellow,Queens,Oakland Gardens,4199,37.088266253869925,31.478562356116537
yellow,Manhattan,Marble Hill,4064,31.551213090551155,30.364136318897632
green,Queens,Sunnyside,3879,31.452134570765658,24.58104752083872
yellow,Queens,Saint Michaels Cemetery/Woodside,3745,62.6765874499332,21.45958611481976
yellow,Queens,Auburndale,3383,33.59756133609218,29.72673662429797
yellow,EWR,Newark Airport,3289,102.97346913955586,7.473092125266039
green,Queens,Old Astoria,3270,25.871290519877675,18.553730886850158
green,Manhattan,Washington Heights North,3255,27.891963133640548,18.188965693804406
yellow,Queens,Douglaston,3186,39.7822661644695,27.073995605775277
yellow,Queens,Bay Terrace/Fort Totten,3165,39.71921327014211,32.918151658767755
yellow,Queens,East Flushing,3011,31.672959149784056,30.83690357577769
yellow,Manhattan,Inwood Hill Park,2943,37.37844036697245,28.610108732585793
green,Brooklyn,Greenpoint,2814,35.498951670220315,18.710157545605302
green,Brooklyn,Crown Heights North,2811,28.686858769121308,27.469957310565626
yellow,Bronx,Van Cortlandt Park,2441,38.06580909463331,35.153065683463076
green,Queens,Long Island City/Queens Plaza,2345,28.568950959488262,18.893667377398717
green,Queens,Long Island City/Hunters Point,2309,27.03176266782156,18.741374332322806
green,Brooklyn,Cobble Hill,2197,23.07523896222123,15.982263692914584
yellow,Staten Island,Arrochar/Fort Wadsworth,2108,30.13687855787469,19.47522137887413
yellow,Bronx,Bronx Park,2041,43.028157765801055,32.06402090478524
green,Brooklyn,Williamsburg (South Side),2002,31.869760239760232,20.1014319014319
green,Brooklyn,Clinton Hill,1751,28.389194745859523,21.966371597182558
yellow,Manhattan,Highbridge Park,1703,37.41958896065768,20.681865335682122
yellow,Brooklyn,Marine Park/Floyd Bennett Field,1697,43.05125515615793,23.326861127479866
green,Bronx,Highbridge,1634,56.506517747858034,24.711015911872703
green,Manhattan,Yorkville West,1608,24.704384328358206,16.1899564676617
green,Bronx,Mott Haven/Port Morris,1596,24.766679197994986,19.964243943191317
green,Brooklyn,East New York,1595,34.341278996865206,36.64936259143155
yellow,Queens,Forest Park/Highland Park,1587,37.84543163201007,26.42527830287754
green,Brooklyn,Bedford,1566,29.251149425287345,25.02986377181779
yellow,Bronx,City Island,1534,47.140769230769216,43.871838331160355
green,Brooklyn,Canarsie,1525,29.049645901639348,33.29711475409837
green,Brooklyn,Prospect-Lefferts Gardens,1489,28.17263935527199,28.010432057309142
green,Bronx,Melrose South,1480,20.879128378378383,18.459864864864866
green,Brooklyn,Brownsville,1338,27.28059790732436,29.361235675137028
green,Bronx,East Concourse/Concourse Village,1332,24.594564564564553,20.952277277277272
green,Brooklyn,Stuyvesant Heights,1261,31.31394131641556,33.342109436954786
green,Manhattan,Inwood,1259,27.575146942017476,19.91458829759068
green,Queens,Corona,1222,48.31329787234043,28.32055373704309
green,Brooklyn,Flatbush/Ditmas Park,1214,45.3258978583196,35.10638385502472
green,Queens,Richmond Hill,1187,29.914599831507996,23.101137320977262
yellow,Bronx,Country Club,1138,38.83317223198591,33.60845049794962
green,Unknown,N/A,1137,26.417519788918202,12.507402521254761
green,Queens,South Ozone Park,1124,32.08517793594305,24.45762158956108
yellow,Staten Island,Stapleton,1098,45.01241347905281,26.0650425015179
green,Brooklyn,Bushwick North,1080,36.15097222222223,23.265123456790125
green,Queens,East Elmhurst,1067,26.41902530459233,18.062293033427054
green,Brooklyn,East Flatbush/Remsen Village,1028,24.903725680933864,27.34978923476006
green,Brooklyn,Brooklyn Navy Yard,1023,53.28919843597268,16.43602150537635
green,Brooklyn,Flatlands,1009,28.493250743310213,31.413429137760147
yellow,Bronx,Pelham Bay Park,1009,42.64901883052527,31.112289395441028
yellow,Queens,Astoria Park,1002,56.37029940119759,21.698170326014633
green,Brooklyn,East Flatbush/Farragut,992,23.985171370967752,26.16937163978494
green,Brooklyn,Bushwick South,973,33.99985611510792,29.97151421719766
green,Brooklyn,Prospect Heights,942,31.130658174097658,22.069603680113236
green,Queens,North Corona,898,36.071247216035616,22.327412769116556
green,Brooklyn,Carroll Gardens,847,26.891404958677686,16.880204643841008
yellow,Queens,Willets Point,834,52.42434052757794,24.500539568345324
green,Queens,Queens Village,832,41.33530048076922,36.927624198717965
green,Queens,South Jamaica,781,33.14892445582586,29.2053563807085
green,Queens,Briarwood/Jamaica Hills,751,31.618655126497995,22.16102973812694
yellow,Staten Island,South Beach/Dongan Hills,743,40.59760430686407,25.38728129205921
green,Brooklyn,Ocean Hill,713,28.689186535764374,29.584104721832624
green,Brooklyn,Crown Heights South,686,29.81680758017492,29.985422740524783
green,Queens,Saint Albans,678,35.9894100294985,39.49373156342182
green,Bronx,University Heights/Morris Heights,663,26.53236802413273,26.102262443438928
yellow,Queens,Breezy Point/Fort Tilden/Riis Beach,641,49.659921996879866,34.41565262610504
green,N/A,Outside of NYC,639,74.59993740219095,29.71770996348462
yellow,Staten Island,Bloomfield/Emerson Hill,621,57.89900161030596,31.66725711218465
green,Bronx,Mount Hope,615,24.095073170731716,22.451951219512203
green,Bronx,East Tremont,607,27.311598023064242,24.741103789126846
green,Manhattan,Lenox Hill East,604,33.97706953642384,46.752649006622526
green,Queens,Willets Point,598,71.60060200668897,24.973383500557418
yellow,Staten Island,Grymes Hill/Clifton,596,49.81729865771812,28.175531319910505
green,Queens,Hillcrest/Pomonok,595,33.163210084033615,26.43280112044818
yellow,Bronx,Crotona Park,579,32.450310880829015,31.129188255613137
green,Manhattan,Penn Station/Madison Sq West,565,28.211823008849557,22.019557522123897
green,Queens,Jamaica Estates,561,45.249483065953655,41.362061794414736
green,Brooklyn,Starrett City,559,30.13468694096602,33.95882528324391
green,Bronx,Morrisania/Melrose,546,26.68820512820513,25.64884004884005
green,Bronx,Co-Op City,542,35.24605166051661,37.92284747847478
green,Queens,Kew Gardens Hills,541,27.348373382624775,20.7426370918053
green,Bronx,Claremont/Bathgate,531,26.359472693032004,24.269491525423724
green,Bronx,Van Nest/Morris Park,529,27.167448015122872,26.09650283553875
green,Bronx,Kingsbridge Heights,528,40.64068181818183,42.08702651515151
green,Queens,Ridgewood,518,37.5346525096525,24.163545688545696
green,Brooklyn,Sunset Park West,507,44.32437869822485,30.03872452333991
green,Bronx,Bedford Park,483,27.744596273291933,25.749309868875088
green,Manhattan,Upper West Side North,474,25.901962025316458,30.36121659634317
green,Queens,Baisley Park,470,34.87878723404255,30.26631205673759
green,Brooklyn,Marine Park/Mill Basin,468,27.643354700854704,28.03960113960114
green,Bronx,Soundview/Bruckner,467,22.180149892933624,17.06420413990007
green,Queens,Glendale,467,30.782098501070667,30.115060670949315
green,Queens,Middle Village,460,32.34358695652174,27.242246376811593
green,Queens,Springfield Gardens South,459,52.640675381263634,35.35508351488745
green,Brooklyn,Brighton Beach,456,34.80767543859649,30.58088450292398
green,Bronx,Soundview/Castle Hill,444,30.144572072072076,30.496133633633633
yellow,Staten Island,Heartland Village/Todt Hill,430,56.28702325581398,32.17220930232558
green,Brooklyn,East New York/Pennsylvania Avenue,428,35.78046728971963,36.09310747663551
green,Manhattan,Kips Bay,427,33.03173302107727,45.15558157689307
green,Brooklyn,Erasmus,425,30.067858823529413,31.172078431372555
green,Brooklyn,Bay Ridge,421,36.757885985748224,36.31955661124308
green,Bronx,Williamsbridge/Olinville,417,32.86263788968825,35.549120703437254
green,Bronx,Norwood,416,31.05050480769232,27.248317307692314
green,Queens,Springfield Gardens North,412,34.398082524271835,38.75117313915857
yellow,Queens,Broad Channel,409,36.39625916870416,25.400774246128773
yellow,Staten Island,New Dorp/Midland Beach,407,47.355257985257985,27.09701064701064
green,Manhattan,Manhattan Valley,403,24.10821339950373,26.933705541770056
green,Queens,Murray Hill-Queens,395,39.125924050632904,30.43029535864979
green,Queens,JFK Airport,388,46.958865979381436,18.133762886597943
green,Queens,Hollis,384,30.838072916666672,30.128385416666656
green,Queens,College Point,378,39.70716931216931,25.018430335096998
green,Manhattan,Murray Hill,374,32.044438502673806,43.51452762923349
green,Bronx,Parkchester,369,31.55211382113821,31.53780487804877
green,Bronx,Spuyten Duyvil/Kingsbridge,367,31.33065395095367,26.030472297910986
green,Bronx,Van Cortlandt Village,367,30.625449591280653,33.72924613987284
green,Brooklyn,Gowanus,364,30.40914835164836,22.943360805860806
green,Bronx,Belmont,349,31.140744985673354,24.967239732569244
green,Queens,Woodhaven,344,32.60988372093023,28.49743217054263
green,Manhattan,TriBeCa/Civic Center,340,37.197294117647054,53.314166666666644
green,Queens,LaGuardia Airport,334,63.30724550898202,20.20798403193612
yellow,Staten Island,Westerleigh,332,62.11322289156627,30.632279116465867
green,Brooklyn,Prospect Park,311,30.48025723472669,22.081939978563767
green,Brooklyn,Homecrest,309,36.17860841423948,39.40560949298813
green,Brooklyn,Bensonhurst East,308,39.112012987012974,41.07803030303031
green,Brooklyn,Manhattan Beach,303,50.26930693069306,23.935588558855887
green,Manhattan,Clinton East,303,32.053102310231026,34.91831683168317
green,Queens,Bellerose,302,52.569039735099345,30.436975717439296
green,Queens,Laurelton,302,40.924370860927155,44.601103752759386
green,Bronx,Fordham South,299,24.951070234113708,25.136064659977702
green,Bronx,Longwood,296,26.407331081081075,24.598704954954954
green,Queens,Rosedale,294,43.3562925170068,50.455612244897964
green,Brooklyn,Cypress Hills,288,35.81972222222222,36.67552083333334
yellow,Staten Island,Saint George/New Brighton,288,54.41711805555556,33.826620370370364
green,Manhattan,Midtown Center,281,30.369644128113883,33.3067615658363
yellow,Brooklyn,Green-Wood Cemetery,281,35.458149466192175,29.279478054567026
green,Manhattan,East Chelsea,279,33.03293906810036,37.984109916367984
green,Brooklyn,Midwood,278,31.90456834532374,35.29370503597121
green,Brooklyn,Borough Park,277,32.04895306859207,37.003309265944644
green,Manhattan,Lincoln Square East,274,30.234598540145974,33.87840632603406
green,Queens,Bayside,274,43.98875912408761,31.262347931873485
green,Manhattan,West Chelsea/Hudson Yards,268,27.970149253731343,25.034950248756218
green,Brooklyn,South Williamsburg,264,45.30276515151515,25.107386363636365
green,Bronx,Eastchester,261,32.44360153256705,36.27899106002553
green,Manhattan,Lenox Hill West,260,29.490461538461542,35.04525641025641
green,Manhattan,Times Sq/Theatre District,259,31.22305019305019,36.58783783783784
green,Bronx,Hunts Point,257,26.89540856031128,26.03586251621271
green,Bronx,Pelham Parkway,257,32.89579766536965,27.708106355382625
green,Manhattan,Two Bridges/Seward Park,257,29.59322957198443,34.08780804150453
green,Manhattan,Yorkville East,255,35.29035294117647,27.796601307189533
green,Bronx,Bronxdale,248,32.535080645161294,34.30342741935484
green,Manhattan,Upper East Side South,247,28.64554655870445,37.183400809716595
green,Bronx,Crotona Park East,242,28.280082644628095,28.406818181818178
green,Manhattan,Gramercy,241,33.481244813278025,44.57123098201935
green,Queens,Cambria Heights,235,43.57855319148936,46.559787234042545
green,Bronx,Woodlawn/Wakefield,234,33.12064102564102,36.71566951566952
yellow,Staten Island,Mariners Harbor,232,63.95866379310344,33.32334770114943
green,Queens,Queensboro Hill,225,38.32426666666666,26.893111111111107
green,Brooklyn,Columbia Street,218,51.43715596330275,20.840443425076455
green,Manhattan,Midtown East,217,30.72903225806451,37.055529953917066
green,Brooklyn,Gravesend,216,41.99962962962963,37.936342592592595
green,Manhattan,Lincoln Square West,215,29.553953488372095,35.18899224806201
green,Manhattan,Union Sq,213,31.418967136150233,37.41447574334898
green,Manhattan,Midtown South,210,27.97738095238095,28.528253968253964
green,Queens,Glen Oaks,205,44.64526829268292,31.189837398373985
yellow,Staten Island,West Brighton,204,54.46004901960785,34.10089869281046
green,Manhattan,Flatiron,202,32.04108910891089,40.14653465346534
green,Bronx,Westchester Village/Unionport,201,29.250497512437814,32.17960199004976
green,Bronx,West Farms/Bronx River,200,28.1605,26.838916666666663
green,Manhattan,Upper West Side South,199,28.764723618090454,31.075963149078728
green,Brooklyn,Bensonhurst West,194,36.677731958762884,39.35721649484536
green,Bronx,Bronx Park,191,51.45188481675393,29.876178010471207
green,Manhattan,Financial District North,191,36.96429319371728,54.878010471204185
green,Brooklyn,Kensington,190,30.715052631578942,30.85938596491229
green,Manhattan,Garment District,189,32.686349206349206,41.17874779541446
green,Queens,East Flushing,188,43.3404255319149,28.951684397163117
green,Brooklyn,Madison,181,28.00662983425414,29.48627992633518
green,Manhattan,Roosevelt Island,179,44.06173184357542,35.46014897579143
green,Queens,Whitestone,179,42.61972067039107,29.738361266294223
yellow,Staten Island,Oakwood,179,49.77530726256984,31.71648044692738
green,Manhattan,Highbridge Park,178,32.50269662921348,24.866011235955053
green,Queens,Fresh Meadows,178,41.9367415730337,32.944475655430715
green,Bronx,Riverdale/North Riverdale/Fieldston,177,34.407457627118646,29.665254237288135
green,Queens,Bay Terrace/Fort Totten,176,45.221590909090914,32.13674242424242
green,Manhattan,Little Italy/NoLiTa,174,25.14850574712644,20.173754789272028
yellow,Queens,Jamaica Bay,174,67.81402298850574,36.14655172413793
green,Bronx,Allerton/Pelham Gardens,170,32.561647058823525,33.800588235294114
green,Bronx,Schuylerville/Edgewater Park,168,36.3802976190476,32.94345238095237
green,Manhattan,West Village,165,27.781212121212118,25.614848484848483
green,Brooklyn,Sunset Park East,164,35.99573170731708,38.31971544715448
yellow,Staten Island,Great Kills,162,62.240740740740726,38.05257201646091
green,Brooklyn,Windsor Terrace,159,34.06792452830189,25.381027253668755
green,Manhattan,Midtown North,156,30.27711538461538,34.31538461538462
green,Manhattan,World Trade Center,153,35.83673202614379,46.644662309368194
green,Manhattan,Financial District South,146,39.580890410958894,61.66689497716894
green,Manhattan,Lower East Side,141,29.72553191489362,29.642434988179673
green,Manhattan,Chinatown,139,32.48964028776979,42.202757793764995
green,Manhattan,Seaport,139,36.06553956834533,53.88033573141485
green,Queens,Auburndale,139,36.789712230215834,27.848201438848918
green,Queens,Ozone Park,138,34.65420289855072,32.03429951690821
green,Manhattan,Alphabet City,137,29.95912408759124,33.50790754257908
green,Manhattan,Clinton West,134,29.92097014925374,33.80248756218904
green,Manhattan,UN/Turtle Bay South,134,33.352238805970146,41.197388059701495
green,Manhattan,East Village,132,28.170909090909095,30.426136363636367
green,Manhattan,SoHo,131,25.70152671755725,15.231933842239181
green,Brooklyn,Dyker Heights,126,37.88952380952381,33.56190476190476
green,Manhattan,Marble Hill,125,27.577919999999995,25.085733333333337
green,Manhattan,Greenwich Village South,121,24.243057851239673,20.11831955922865
yellow,Staten Island,Port Richmond,121,56.52107438016528,30.876997245179066
green,Queens,Howard Beach,112,40.230714285714285,34.76220238095238
green,Bronx,Van Cortlandt Park,103,21.636407766990292,16.544660194174757
green,Manhattan,Randalls Island,102,49.32215686274509,20.51781045751634
green,Manhattan,Sutton Place/Turtle Bay North,97,30.785567010309276,35.53969072164948
green,Queens,Douglaston,94,54.90893617021276,29.94663120567376
green,Manhattan,Greenwich Village North,93,28.658709677419353,27.935663082437273
green,Queens,Oakland Gardens,93,43.36612903225806,38.6005376344086
green,Brooklyn,Bath Beach,92,31.349673913043475,25.03894927536232
green,Queens,Far Rockaway,87,53.83528735632184,40.13371647509578
green,Brooklyn,Ocean Parkway South,82,48.86829268292683,54.250406504065054
green,Manhattan,Inwood Hill Park,80,36.615125,28.39708333333333
green,Queens,Saint Michaels Cemetery/Woodside,77,42.27480519480519,24.496969696969693
green,Bronx,Pelham Bay,75,32.5888,34.63933333333334
green,Queens,Forest Park/Highland Park,67,31.23134328358209,25.224626865671645
green,Manhattan,Hudson Sq,63,35.6331746031746,42.16507936507936
green,Queens,Hammels/Arverne,55,50.123999999999995,35.10242424242424
green,Manhattan,Battery Park City,54,29.13240740740741,30.89444444444444
green,Staten Island,Saint George/New Brighton,53,29.6411320754717,18.04433962264151
yellow,Bronx,Rikers Island,51,57.133529411764705,29.201633986928105
green,Brooklyn,Marine Park/Floyd Bennett Field,49,54.87857142857143,28.075510204081635
yellow,Staten Island,Charleston/Tottenville,49,79.80857142857144,35.686734693877554
yellow,Staten Island,Eltingville/Annadale/Prince's Bay,46,65.39239130434783,37.390942028985506
green,Manhattan,Meatpacking/West Village West,45,27.736888888888885,21.223703703703702
green,Manhattan,Stuy Town/Peter Cooper Village,37,24.147837837837837,22.722972972972972
green,Bronx,City Island,30,40.88166666666666,41.78944444444444
yellow,Staten Island,Rossville/Woodrow,30,80.48266666666667,28.385555555555552
yellow,Staten Island,Arden Heights,29,62.30965517241379,29.338505747126433
green,Queens,Astoria Park,23,39.45608695652174,23.34130434782609
yellow,Manhattan,Governor's Island/Ellis Island/Liberty Island,18,49.95111111111111,25.647222222222222
green,Bronx,Pelham Bay Park,17,45.19411764705882,30.78137254901961
green,Bronx,Crotona Park,15,35.18933333333333,30.740000000000002
yellow,Staten Island,Freshkills Park,15,46.78733333333333,17.62222222222222
green,Bronx,Country Club,12,34.63666666666666,42.625
green,Queens,Rockaway Park,10,66.20200000000001,36.61666666666667
green,Staten Island,Stapleton,8,36.80500000000001,27.22083333333333
green,Staten Island,Arrochar/Fort Wadsworth,7,56.53142857142858,40.46190476190476
green,Staten Island,Bloomfield/Emerson Hill,7,60.57714285714285,23.885714285714283
green,Staten Island,Mariners Harbor,7,58.89,36.71666666666666
green,Queens,Breezy Point/Fort Tilden/Riis Beach,6,54.705000000000005,24.322222222222223
green,Queens,Broad Channel,4,63.74250000000001,36.75
green,Staten Island,Port Richmond,4,45.56999999999999,49.28333333333334
green,Staten Island,South Beach/Dongan Hills,4,54.997499999999995,30.1
green,Brooklyn,Green-Wood Cemetery,3,29.790000000000003,34.838888888888896
green,Staten Island,West Brighton,3,76.79,46.87222222222221
green,Staten Island,Great Kills,2,39.105,42.666666666666664
green,Staten Island,New Dorp/Midland Beach,2,55.05,19.275
green,Staten Island,Oakwood,2,107.09,20.208333333333332
green,Staten Island,Rossville/Woodrow,2,48.385,37.708333333333336
green,Staten Island,Westerleigh,2,82.78,80.74166666666667
green,Bronx,Rikers Island,1,31.0,2.933333333333333
green,EWR,Newark Airport,1,121.8,0.55
green,Manhattan,Battery Park,1,32.1,28.35
green,Staten Island,Charleston/Tottenville,1,98.14,35.0
green,Staten Island,Grymes Hill/Clifton,1,41.71,34.0
green,Staten Island,Heartland Village/Todt Hill,1,24.5,17.783333333333335
yellow,Staten Island,Great Kills Park,1,12.5,6.133333333333334
