dataset,years,query,strategy,phase,repetition,order_position,seconds,result_rows,source_rows,parquet_bytes
1_anio,2026,06_01_volumen_mensual,parquet,primera,0,1,1.530361386000095,16,30040469,519727000
1_anio,2026,06_01_volumen_mensual,tabla,primera,0,2,2.794351434000191,16,30040469,519727000
1_anio,2026,06_01_volumen_mensual,tabla,caliente,1,1,1.1648351099997853,16,30040469,519727000
1_anio,2026,06_01_volumen_mensual,parquet,caliente,1,2,1.3183971470000415,16,30040469,519727000
1_anio,2026,06_01_volumen_mensual,parquet,caliente,2,1,1.3128012669999407,16,30040469,519727000
1_anio,2026,06_01_volumen_mensual,tabla,caliente,2,2,1.1072461209998892,16,30040469,519727000
1_anio,2026,06_01_volumen_mensual,tabla,caliente,3,1,1.3104811499999869,16,30040469,519727000
1_anio,2026,06_01_volumen_mensual,parquet,caliente,3,2,1.3951865779999935,16,30040469,519727000
1_anio,2026,06_01_volumen_mensual,parquet,caliente,4,1,1.4271335920000183,16,30040469,519727000
1_anio,2026,06_01_volumen_mensual,tabla,caliente,4,2,0.9218592269999135,16,30040469,519727000
1_anio,2026,06_01_volumen_mensual,tabla,caliente,5,1,0.8534873329999755,16,30040469,519727000
1_anio,2026,06_01_volumen_mensual,parquet,caliente,5,2,1.4474863519999417,16,30040469,519727000
1_anio,2026,06_02_montos_pago,tabla,primera,0,1,1.164850448999914,10,30040469,519727000
1_anio,2026,06_02_montos_pago,parquet,primera,0,2,1.6951889560000382,10,30040469,519727000
1_anio,2026,06_02_montos_pago,parquet,caliente,1,1,1.7972404340000594,10,30040469,519727000
1_anio,2026,06_02_montos_pago,tabla,caliente,1,2,1.125780217000056,10,30040469,519727000
1_anio,2026,06_02_montos_pago,tabla,caliente,2,1,1.0675556440000946,10,30040469,519727000
1_anio,2026,06_02_montos_pago,parquet,caliente,2,2,1.8557871069999692,10,30040469,519727000
1_anio,2026,06_02_montos_pago,parquet,caliente,3,1,1.7927761809999083,10,30040469,519727000
1_anio,2026,06_02_montos_pago,tabla,caliente,3,2,1.2758449610000753,10,30040469,519727000
1_anio,2026,06_02_montos_pago,tabla,caliente,4,1,1.246339435999971,10,30040469,519727000
1_anio,2026,06_02_montos_pago,parquet,caliente,4,2,1.662169527999822,10,30040469,519727000
1_anio,2026,06_02_montos_pago,parquet,caliente,5,1,1.6779626610000378,10,30040469,519727000
1_anio,2026,06_02_montos_pago,tabla,caliente,5,2,1.486672062000025,10,30040469,519727000
1_anio,2026,06_03_zonas_origen,parquet,primera,0,1,2.1017506099999537,508,30040469,519727000
1_anio,2026,06_03_zonas_origen,tabla,primera,0,2,1.4450528009999744,508,30040469,519727000
1_anio,2026,06_03_zonas_origen,tabla,caliente,1,1,1.1965387489999557,508,30040469,519727000
1_anio,2026,06_03_zonas_origen,parquet,caliente,1,2,2.0086649700001544,508,30040469,519727000
1_anio,2026,06_03_zonas_origen,parquet,caliente,2,1,1.9239511140001468,508,30040469,519727000
1_anio,2026,06_03_zonas_origen,tabla,caliente,2,2,1.2637054520000675,508,30040469,519727000
1_anio,2026,06_03_zonas_origen,tabla,caliente,3,1,1.2740621390000797,508,30040469,519727000
1_anio,2026,06_03_zonas_origen,parquet,caliente,3,2,1.9553812540000308,508,30040469,519727000
1_anio,2026,06_03_zonas_origen,parquet,caliente,4,1,1.9372925309999118,508,30040469,519727000
1_anio,2026,06_03_zonas_origen,tabla,caliente,4,2,1.326181375999795,508,30040469,519727000
1_anio,2026,06_03_zonas_origen,tabla,caliente,5,1,1.1196011929998804,508,30040469,519727000
1_anio,2026,06_03_zonas_origen,parquet,caliente,5,2,1.9334807799998543,508,30040469,519727000
1_anio,2026,06_04_distribucion,tabla,primera,0,1,4.637432785000101,2,30040469,519727000
1_anio,2026,06_04_distribucion,parquet,primera,0,2,4.965951440000026,2,30040469,519727000
1_anio,2026,06_04_distribucion,parquet,caliente,1,1,5.100730409999869,2,30040469,519727000
1_anio,2026,06_04_distribucion,tabla,caliente,1,2,4.49715476099982,2,30040469,519727000
1_anio,2026,06_04_distribucion,tabla,caliente,2,1,4.501146648000031,2,30040469,519727000
1_anio,2026,06_04_distribucion,parquet,caliente,2,2,4.789159294000001,2,30040469,519727000
1_anio,2026,06_04_distribucion,parquet,caliente,3,1,4.968935285000043,2,30040469,519727000
1_anio,2026,06_04_distribucion,tabla,caliente,3,2,4.566679759999943,2,30040469,519727000
1_anio,2026,06_04_distribucion,tabla,caliente,4,1,4.743735864999962,2,30040469,519727000
1_anio,2026,06_04_distribucion,parquet,caliente,4,2,5.209544978999929,2,30040469,519727000
1_anio,2026,06_04_distribucion,parquet,caliente,5,1,5.17491794700004,2,30040469,519727000
1_anio,2026,06_04_distribucion,tabla,caliente,5,2,4.561220868999953,2,30040469,519727000
2_anios,2024+2026,06_01_volumen_mensual,tabla,primera,0,1,1.631512518000136,40,71870407,1228648745
2_anios,2024+2026,06_01_volumen_mensual,parquet,primera,0,2,3.2581705430000056,40,71870407,1228648745
2_anios,2024+2026,06_01_volumen_mensual,parquet,caliente,1,1,3.0825645200000054,40,71870407,1228648745
2_anios,2024+2026,06_01_volumen_mensual,tabla,caliente,1,2,1.4317849379999643,40,71870407,1228648745
2_anios,2024+2026,06_01_volumen_mensual,tabla,caliente,2,1,1.2935512169999583,40,71870407,1228648745
2_anios,2024+2026,06_01_volumen_mensual,parquet,caliente,2,2,3.387288052000031,40,71870407,1228648745
2_anios,2024+2026,06_01_volumen_mensual,parquet,caliente,3,1,3.1111003829998936,40,71870407,1228648745
2_anios,2024+2026,06_01_volumen_mensual,tabla,caliente,3,2,1.21620477700003,40,71870407,1228648745
2_anios,2024+2026,06_01_volumen_mensual,tabla,caliente,4,1,1.4883029630000237,40,71870407,1228648745
2_anios,2024+2026,06_01_volumen_mensual,parquet,caliente,4,2,3.043319585000063,40,71870407,1228648745
2_anios,2024+2026,06_01_volumen_mensual,parquet,caliente,5,1,2.896453850999933,40,71870407,1228648745
2_anios,2024+2026,06_01_volumen_mensual,tabla,caliente,5,2,1.2777083409998795,40,71870407,1228648745
2_anios,2024+2026,06_02_montos_pago,parquet,primera,0,1,3.5672890560001633,11,71870407,1228648745
2_anios,2024+2026,06_02_montos_pago,tabla,primera,0,2,1.729418257000134,11,71870407,1228648745
2_anios,2024+2026,06_02_montos_pago,tabla,caliente,1,1,1.5968207140001596,11,71870407,1228648745
2_anios,2024+2026,06_02_montos_pago,parquet,caliente,1,2,3.548438873999885,11,71870407,1228648745
2_anios,2024+2026,06_02_montos_pago,parquet,caliente,2,1,3.831152267000107,11,71870407,1228648745
2_anios,2024+2026,06_02_montos_pago,tabla,caliente,2,2,1.5464306110000052,11,71870407,1228648745
2_anios,2024+2026,06_02_montos_pago,tabla,caliente,3,1,1.7121436560000802,11,71870407,1228648745
2_anios,2024+2026,06_02_montos_pago,parquet,caliente,3,2,3.4226132639998923,11,71870407,1228648745
2_anios,2024+2026,06_02_montos_pago,parquet,caliente,4,1,3.491187251999918,11,71870407,1228648745
2_anios,2024+2026,06_02_montos_pago,tabla,caliente,4,2,1.6542465949999041,11,71870407,1228648745
2_anios,2024+2026,06_02_montos_pago,tabla,caliente,5,1,1.560412357000132,11,71870407,1228648745
2_anios,2024+2026,06_02_montos_pago,parquet,caliente,5,2,3.6044086319998314,11,71870407,1228648745
2_anios,2024+2026,06_03_zonas_origen,tabla,primera,0,1,2.147958133000202,517,71870407,1228648745
2_anios,2024+2026,06_03_zonas_origen,parquet,primera,0,2,4.373545178999848,517,71870407,1228648745
2_anios,2024+2026,06_03_zonas_origen,parquet,caliente,1,1,4.199196139999913,517,71870407,1228648745
2_anios,2024+2026,06_03_zonas_origen,tabla,caliente,1,2,2.2652855920000547,517,71870407,1228648745
2_anios,2024+2026,06_03_zonas_origen,tabla,caliente,2,1,2.0412515709999752,517,71870407,1228648745
2_anios,2024+2026,06_03_zonas_origen,parquet,caliente,2,2,4.370478779999985,517,71870407,1228648745
2_anios,2024+2026,06_03_zonas_origen,parquet,caliente,3,1,4.335769497999991,517,71870407,1228648745
2_anios,2024+2026,06_03_zonas_origen,tabla,caliente,3,2,2.1836888850000378,517,71870407,1228648745
2_anios,2024+2026,06_03_zonas_origen,tabla,caliente,4,1,2.0839978859999064,517,71870407,1228648745
2_anios,2024+2026,06_03_zonas_origen,parquet,caliente,4,2,4.273782406999999,517,71870407,1228648745
2_anios,2024+2026,06_03_zonas_origen,parquet,caliente,5,1,4.077688738000006,517,71870407,1228648745
2_anios,2024+2026,06_03_zonas_origen,tabla,caliente,5,2,2.1002607980001358,517,71870407,1228648745
2_anios,2024+2026,06_04_distribucion,parquet,primera,0,1,8.342521046999991,4,71870407,1228648745
2_anios,2024+2026,06_04_distribucion,tabla,primera,0,2,5.893010546000141,4,71870407,1228648745
2_anios,2024+2026,06_04_distribucion,tabla,caliente,1,1,6.29533266999988,4,71870407,1228648745
2_anios,2024+2026,06_04_distribucion,parquet,caliente,1,2,8.179962873000022,4,71870407,1228648745
2_anios,2024+2026,06_04_distribucion,parquet,caliente,2,1,8.034225640000159,4,71870407,1228648745
2_anios,2024+2026,06_04_distribucion,tabla,caliente,2,2,6.339000534999968,4,71870407,1228648745
2_anios,2024+2026,06_04_distribucion,tabla,caliente,3,1,6.276619769000035,4,71870407,1228648745
2_anios,2024+2026,06_04_distribucion,parquet,caliente,3,2,8.276309003000051,4,71870407,1228648745
2_anios,2024+2026,06_04_distribucion,parquet,caliente,4,1,8.400599333999935,4,71870407,1228648745
2_anios,2024+2026,06_04_distribucion,tabla,caliente,4,2,6.981705981000005,4,71870407,1228648745
2_anios,2024+2026,06_04_distribucion,tabla,caliente,5,1,6.675013716999956,4,71870407,1228648745
2_anios,2024+2026,06_04_distribucion,parquet,caliente,5,2,8.515134525000121,4,71870407,1228648745
3_anios,2024+2025+2026,06_01_volumen_mensual,parquet,primera,0,1,5.369649954000124,64,121184384,2073081961
3_anios,2024+2025+2026,06_01_volumen_mensual,tabla,primera,0,2,2.2183049279999523,64,121184384,2073081961
3_anios,2024+2025+2026,06_01_volumen_mensual,tabla,caliente,1,1,1.891253026999948,64,121184384,2073081961
3_anios,2024+2025+2026,06_01_volumen_mensual,parquet,caliente,1,2,5.113125226999955,64,121184384,2073081961
3_anios,2024+2025+2026,06_01_volumen_mensual,parquet,caliente,2,1,5.122519048999948,64,121184384,2073081961
3_anios,2024+2025+2026,06_01_volumen_mensual,tabla,caliente,2,2,1.8898683970001002,64,121184384,2073081961
3_anios,2024+2025+2026,06_01_volumen_mensual,tabla,caliente,3,1,1.9486312259998613,64,121184384,2073081961
3_anios,2024+2025+2026,06_01_volumen_mensual,parquet,caliente,3,2,5.094257806000087,64,121184384,2073081961
3_anios,2024+2025+2026,06_01_volumen_mensual,parquet,caliente,4,1,5.026296379000087,64,121184384,2073081961
3_anios,2024+2025+2026,06_01_volumen_mensual,tabla,caliente,4,2,1.8971436879999146,64,121184384,2073081961
3_anios,2024+2025+2026,06_01_volumen_mensual,tabla,caliente,5,1,1.8896910250000474,64,121184384,2073081961
3_anios,2024+2025+2026,06_01_volumen_mensual,parquet,caliente,5,2,5.174041705999798,64,121184384,2073081961
3_anios,2024+2025+2026,06_02_montos_pago,tabla,primera,0,1,2.3490128000000823,12,121184384,2073081961
3_anios,2024+2025+2026,06_02_montos_pago,parquet,primera,0,2,6.196318693000194,12,121184384,2073081961
3_anios,2024+2025+2026,06_02_montos_pago,parquet,caliente,1,1,6.120039743000007,12,121184384,2073081961
3_anios,2024+2025+2026,06_02_montos_pago,tabla,caliente,1,2,2.2813668829999187,12,121184384,2073081961
3_anios,2024+2025+2026,06_02_montos_pago,tabla,caliente,2,1,2.2866568819999884,12,121184384,2073081961
3_anios,2024+2025+2026,06_02_montos_pago,parquet,caliente,2,2,5.985572095999942,12,121184384,2073081961
3_anios,2024+2025+2026,06_02_montos_pago,parquet,caliente,3,1,6.152290183000105,12,121184384,2073081961
3_anios,2024+2025+2026,06_02_montos_pago,tabla,caliente,3,2,2.2842769090000274,12,121184384,2073081961
3_anios,2024+2025+2026,06_02_montos_pago,tabla,caliente,4,1,2.2564340900000843,12,121184384,2073081961
3_anios,2024+2025+2026,06_02_montos_pago,parquet,caliente,4,2,6.056165546000102,12,121184384,2073081961
3_anios,2024+2025+2026,06_02_montos_pago,parquet,caliente,5,1,6.132890688000089,12,121184384,2073081961
3_anios,2024+2025+2026,06_02_montos_pago,tabla,caliente,5,2,2.324731703999987,12,121184384,2073081961
3_anios,2024+2025+2026,06_03_zonas_origen,parquet,primera,0,1,6.96734638199996,518,121184384,2073081961
3_anios,2024+2025+2026,06_03_zonas_origen,tabla,primera,0,2,3.538882577000095,518,121184384,2073081961
3_anios,2024+2025+2026,06_03_zonas_origen,tabla,caliente,1,1,3.2267111389999172,518,121184384,2073081961
3_anios,2024+2025+2026,06_03_zonas_origen,parquet,caliente,1,2,6.857665035000082,518,121184384,2073081961
3_anios,2024+2025+2026,06_03_zonas_origen,parquet,caliente,2,1,6.86592716500013,518,121184384,2073081961
3_anios,2024+2025+2026,06_03_zonas_origen,tabla,caliente,2,2,3.2689448010000888,518,121184384,2073081961
3_anios,2024+2025+2026,06_03_zonas_origen,tabla,caliente,3,1,3.36170353600005,518,121184384,2073081961
3_anios,2024+2025+2026,06_03_zonas_origen,parquet,caliente,3,2,6.662623683999982,518,121184384,2073081961
3_anios,2024+2025+2026,06_03_zonas_origen,parquet,caliente,4,1,6.595615291000058,518,121184384,2073081961
3_anios,2024+2025+2026,06_03_zonas_origen,tabla,caliente,4,2,3.2500730629999453,518,121184384,2073081961
3_anios,2024+2025+2026,06_03_zonas_origen,tabla,caliente,5,1,3.1658277989999988,518,121184384,2073081961
3_anios,2024+2025+2026,06_03_zonas_origen,parquet,caliente,5,2,6.825156210000159,518,121184384,2073081961
3_anios,2024+2025+2026,06_04_distribucion,tabla,primera,0,1,8.228669910000008,6,121184384,2073081961
3_anios,2024+2025+2026,06_04_distribucion,parquet,primera,0,2,14.37044928100022,6,121184384,2073081961
3_anios,2024+2025+2026,06_04_distribucion,parquet,caliente,1,1,14.73803887500003,6,121184384,2073081961
3_anios,2024+2025+2026,06_04_distribucion,tabla,caliente,1,2,8.02222322900002,6,121184384,2073081961
3_anios,2024+2025+2026,06_04_distribucion,tabla,caliente,2,1,7.909214153999983,6,121184384,2073081961
3_anios,2024+2025+2026,06_04_distribucion,parquet,caliente,2,2,14.889511315999926,6,121184384,2073081961
3_anios,2024+2025+2026,06_04_distribucion,parquet,caliente,3,1,14.237821384999961,6,121184384,2073081961
3_anios,2024+2025+2026,06_04_distribucion,tabla,caliente,3,2,8.159029293999993,6,121184384,2073081961
3_anios,2024+2025+2026,06_04_distribucion,tabla,caliente,4,1,8.065371222000067,6,121184384,2073081961
3_anios,2024+2025+2026,06_04_distribucion,parquet,caliente,4,2,14.544573772999684,6,121184384,2073081961
3_anios,2024+2025+2026,06_04_distribucion,parquet,caliente,5,1,14.485118095999951,6,121184384,2073081961
3_anios,2024+2025+2026,06_04_distribucion,tabla,caliente,5,2,8.260405112999706,6,121184384,2073081961
