dataset,years,query,source_rows,parquet_bytes,first_parquet_seconds,first_table_seconds,median_parquet_seconds,median_table_seconds,speedup_parquet_over_table,min_parquet_seconds,max_parquet_seconds,min_table_seconds,max_table_seconds,repetitions
1_anio,2026,06_01_volumen_mensual,30040469,519727000,1.530361386000095,2.794351434000191,1.3951865779999935,1.1072461209998892,1.2600509963765618,1.3128012669999407,1.4474863519999417,0.8534873329999755,1.3104811499999869,5
1_anio,2026,06_02_montos_pago,30040469,519727000,1.6951889560000382,1.164850448999914,1.7927761809999083,1.246339435999971,1.4384333266013656,1.662169527999822,1.8557871069999692,1.0675556440000946,1.486672062000025,5
1_anio,2026,06_03_zonas_origen,30040469,519727000,2.1017506099999537,1.4450528009999744,1.9372925309999118,1.2637054520000675,1.533025380189472,1.9239511140001468,2.0086649700001544,1.1196011929998804,1.326181375999795,5
1_anio,2026,06_04_distribucion,30040469,519727000,4.965951440000026,4.637432785000101,5.100730409999869,4.561220868999953,1.1182818277156141,4.789159294000001,5.209544978999929,4.49715476099982,4.743735864999962,5
2_anios,2024+2026,06_01_volumen_mensual,71870407,1228648745,3.2581705430000056,1.631512518000136,3.0825645200000054,1.2935512169999583,2.383024714822795,2.896453850999933,3.387288052000031,1.21620477700003,1.4883029630000237,5
2_anios,2024+2026,06_02_montos_pago,71870407,1228648745,3.5672890560001633,1.729418257000134,3.548438873999885,1.5968207140001596,2.222189907037698,3.4226132639998923,3.831152267000107,1.5464306110000052,1.7121436560000802,5
2_anios,2024+2026,06_03_zonas_origen,71870407,1228648745,4.373545178999848,2.147958133000202,4.273782406999999,2.1002607980001358,2.0348817685258354,4.077688738000006,4.370478779999985,2.0412515709999752,2.2652855920000547,5
2_anios,2024+2026,06_04_distribucion,71870407,1228648745,8.342521046999991,5.893010546000141,8.276309003000051,6.339000534999968,1.305617337828493,8.034225640000159,8.515134525000121,6.276619769000035,6.981705981000005,5
3_anios,2024+2025+2026,06_01_volumen_mensual,121184384,2073081961,5.369649954000124,2.2183049279999523,5.113125226999955,1.891253026999948,2.7035648609698675,5.026296379000087,5.174041705999798,1.8896910250000474,1.9486312259998613,5
3_anios,2024+2025+2026,06_02_montos_pago,121184384,2073081961,6.196318693000194,2.3490128000000823,6.120039743000007,2.2842769090000274,2.679202210067927,5.985572095999942,6.152290183000105,2.2564340900000843,2.324731703999987,5
3_anios,2024+2025+2026,06_03_zonas_origen,121184384,2073081961,6.96734638199996,3.538882577000095,6.825156210000159,3.2500730629999453,2.100000854657794,6.595615291000058,6.86592716500013,3.1658277989999988,3.36170353600005,5
3_anios,2024+2025+2026,06_04_distribucion,121184384,2073081961,14.37044928100022,8.228669910000008,14.544573772999684,8.065371222000067,1.8033359373870073,14.237821384999961,14.889511315999926,7.909214153999983,8.260405112999706,5
