taxi,anio,mes,mes_fecha,viajes,monto_total_usd,monto_por_dia_usd,ticket_promedio_usd,variacion_interanual_pct
green,2024,1,2024-01-01,53135,1178667.77,38021.54,22.18,
yellow,2024,1,2024-01-01,2866799,78366136.71,2527939.89,27.34,
green,2024,2,2024-02-01,50265,1129035.37,38932.25,22.46,
yellow,2024,2,2024-02-01,2898793,78937530.05,2721983.79,27.23,
green,2024,3,2024-03-01,53943,1227847.38,39607.98,22.76,
yellow,2024,3,2024-03-01,3436772,95730225.41,3088071.79,27.85,
green,2024,4,2024-04-01,52786,1228752.26,40958.41,23.28,
yellow,2024,4,2024-04-01,3411049,96135645.86,3204521.53,28.18,
green,2024,5,2024-05-01,57302,1402963.71,45256.89,24.48,
yellow,2024,5,2024-05-01,3613236,104780221.83,3380007.16,29.0,
green,2024,6,2024-06-01,51511,1275329.86,42511.0,24.76,
yellow,2024,6,2024-06-01,3425070,98246049.43,3274868.31,28.68,
green,2024,7,2024-07-01,48343,1183084.03,38164.0,24.47,
yellow,2024,7,2024-07-01,2970973,86087111.34,2777003.59,28.98,
green,2024,8,2024-08-01,48447,1252076.34,40389.56,25.84,
yellow,2024,8,2024-08-01,2864502,83707045.19,2700227.26,29.22,
green,2024,9,2024-09-01,51069,1354040.5,45134.68,26.51,
yellow,2024,9,2024-09-01,3480904,102631642.85,3421054.76,29.48,
green,2024,10,2024-10-01,52996,1323332.85,42688.16,24.97,
yellow,2024,10,2024-10-01,3678887,108092770.07,3486863.55,29.38,
green,2024,11,2024-11-01,48928,1173053.29,39101.78,23.98,
yellow,2024,11,2024-11-01,3506997,99890596.14,3329686.54,28.48,
green,2024,12,2024-12-01,50439,1200992.9,38741.71,23.81,
yellow,2024,12,2024-12-01,3515692,103281597.22,3331664.43,29.38,
green,2025,1,2025-01-01,45116,1018416.24,32852.14,22.57,-13.6
yellow,2025,1,2025-01-01,3250382,87159518.1,2811597.36,26.82,11.22
green,2025,2,2025-02-01,43305,994287.37,35510.26,22.96,-11.93
yellow,2025,2,2025-02-01,3304364,87899246.7,3139258.81,26.6,11.35
green,2025,3,2025-03-01,47551,1141581.51,36825.21,24.01,-7.03
yellow,2025,3,2025-03-01,3824788,106817203.25,3445716.23,27.93,11.58
green,2025,4,2025-04-01,48027,1181652.77,39388.43,24.6,-3.83
yellow,2025,4,2025-04-01,3669786,103754550.25,3458485.01,28.27,7.93
green,2025,5,2025-05-01,51474,1305140.53,42101.31,25.36,-6.97
yellow,2025,5,2025-05-01,4090072,119761008.73,3863258.35,29.28,14.3
green,2025,6,2025-06-01,46466,1198914.82,39963.83,25.8,-5.99
yellow,2025,6,2025-06-01,3866995,113898867.56,3796628.92,29.45,15.93
green,2025,7,2025-07-01,45881,1178728.51,38023.5,25.69,-0.37
yellow,2025,7,2025-07-01,3492926,101390972.09,3270676.52,29.03,17.78
green,2025,8,2025-08-01,44010,1217042.65,39259.44,27.65,-2.8
yellow,2025,8,2025-08-01,3178858,92029379.38,2968689.66,28.95,9.94
green,2025,9,2025-09-01,46678,1276759.45,42558.65,27.35,-5.71
yellow,2025,9,2025-09-01,3836083,114098116.43,3803270.55,29.74,11.17
green,2025,10,2025-10-01,46962,1211666.25,39086.01,25.8,-8.44
yellow,2025,10,2025-10-01,3941560,115831503.93,3736500.13,29.39,7.16
green,2025,11,2025-11-01,44471,1117302.73,37243.42,25.12,-4.75
yellow,2025,11,2025-11-01,3641348,103685674.15,3456189.14,28.47,3.8
green,2025,12,2025-12-01,45580,1131592.8,36502.99,24.83,-5.78
yellow,2025,12,2025-12-01,4047222,127077665.97,4099279.55,31.4,23.04
green,2026,1,2026-01-01,38086,919872.06,29673.29,24.15,-9.68
yellow,2026,1,2026-01-01,3514926,104300849.44,3364543.53,29.67,19.67
green,2026,2,2026-02-01,35112,853348.48,30476.73,24.3,-14.17
yellow,2026,2,2026-02-01,3208536,97724129.52,3490147.48,30.46,11.18
green,2026,3,2026-03-01,41671,1032334.18,33301.1,24.77,-9.57
yellow,2026,3,2026-03-01,3760435,113820817.7,3671639.28,30.27,6.56
green,2026,4,2026-04-01,41573,1049380.55,34979.35,25.24,-11.19
yellow,2026,4,2026-04-01,3671806,110525843.75,3684194.79,30.1,6.53
green,2026,5,2026-05-01,42340,1090474.72,35176.6,25.76,-16.45
yellow,2026,5,2026-05-01,3909805,119458053.29,3853485.59,30.55,-0.25
green,2026,6,2026-06-01,41541,1080483.47,36016.12,26.01,-9.88
yellow,2026,6,2026-06-01,3643971,111541239.79,3718041.33,30.61,-2.07
green,2026,7,2026-07-01,38574,1005645.58,32440.18,26.07,-14.68
yellow,2026,7,2026-07-01,3343969,100814559.34,3252082.56,30.15,-0.57
green,2026,8,2026-08-01,38061,1003346.95,32366.03,26.36,-17.56
yellow,2026,8,2026-08-01,3161692,95370096.22,3076454.72,30.16,3.63
