taxi,anio,location_id,borough,zona,viajes,rango,pct_viajes,meses_comunes
green,2024,74,Manhattan,East Harlem North,96534,1,23.22,"01, 02, 03, 04, 05, 06, 07, 08"
green,2024,75,Manhattan,East Harlem South,60193,2,14.479,"01, 02, 03, 04, 05, 06, 07, 08"
green,2024,166,Manhattan,Morningside Heights,21506,3,5.173,"01, 02, 03, 04, 05, 06, 07, 08"
green,2024,43,Manhattan,Central Park,21484,4,5.168,"01, 02, 03, 04, 05, 06, 07, 08"
green,2024,95,Queens,Forest Hills,20758,5,4.993,"01, 02, 03, 04, 05, 06, 07, 08"
yellow,2024,161,Manhattan,Midtown Center,1219080,1,4.783,"01, 02, 03, 04, 05, 06, 07, 08"
yellow,2024,132,Queens,JFK Airport,1208199,2,4.74,"01, 02, 03, 04, 05, 06, 07, 08"
yellow,2024,237,Manhattan,Upper East Side South,1169308,3,4.588,"01, 02, 03, 04, 05, 06, 07, 08"
yellow,2024,236,Manhattan,Upper East Side North,1067489,4,4.188,"01, 02, 03, 04, 05, 06, 07, 08"
yellow,2024,162,Manhattan,Midtown East,897571,5,3.522,"01, 02, 03, 04, 05, 06, 07, 08"
green,2025,74,Manhattan,East Harlem North,93652,1,25.187,"01, 02, 03, 04, 05, 06, 07, 08"
green,2025,75,Manhattan,East Harlem South,57603,2,15.492,"01, 02, 03, 04, 05, 06, 07, 08"
green,2025,43,Manhattan,Central Park,19063,3,5.127,"01, 02, 03, 04, 05, 06, 07, 08"
green,2025,166,Manhattan,Morningside Heights,17729,4,4.768,"01, 02, 03, 04, 05, 06, 07, 08"
green,2025,95,Queens,Forest Hills,17095,5,4.598,"01, 02, 03, 04, 05, 06, 07, 08"
yellow,2025,161,Manhattan,Midtown Center,1288437,1,4.493,"01, 02, 03, 04, 05, 06, 07, 08"
yellow,2025,237,Manhattan,Upper East Side South,1263025,2,4.404,"01, 02, 03, 04, 05, 06, 07, 08"
yellow,2025,132,Queens,JFK Airport,1228089,3,4.282,"01, 02, 03, 04, 05, 06, 07, 08"
yellow,2025,236,Manhattan,Upper East Side North,1107363,4,3.861,"01, 02, 03, 04, 05, 06, 07, 08"
yellow,2025,186,Manhattan,Penn Station/Madison Sq West,941742,5,3.284,"01, 02, 03, 04, 05, 06, 07, 08"
green,2026,74,Manhattan,East Harlem North,86855,1,27.403,"01, 02, 03, 04, 05, 06, 07, 08"
green,2026,75,Manhattan,East Harlem South,41706,2,13.158,"01, 02, 03, 04, 05, 06, 07, 08"
green,2026,95,Queens,Forest Hills,15623,3,4.929,"01, 02, 03, 04, 05, 06, 07, 08"
green,2026,43,Manhattan,Central Park,12989,4,4.098,"01, 02, 03, 04, 05, 06, 07, 08"
green,2026,166,Manhattan,Morningside Heights,12437,5,3.924,"01, 02, 03, 04, 05, 06, 07, 08"
yellow,2026,237,Manhattan,Upper East Side South,1252548,1,4.439,"01, 02, 03, 04, 05, 06, 07, 08"
yellow,2026,161,Manhattan,Midtown Center,1171287,2,4.151,"01, 02, 03, 04, 05, 06, 07, 08"
yellow,2026,132,Queens,JFK Airport,1124910,3,3.987,"01, 02, 03, 04, 05, 06, 07, 08"
yellow,2026,236,Manhattan,Upper East Side North,1112988,4,3.945,"01, 02, 03, 04, 05, 06, 07, 08"
yellow,2026,186,Manhattan,Penn Station/Madison Sq West,868453,5,3.078,"01, 02, 03, 04, 05, 06, 07, 08"
