taxi,anio,mes,mes_fecha,metodo_pago,viajes,pct_viajes
green,2024,1,2024-01-01,Desconocido (5),1,0.002
green,2024,1,2024-01-01,Disputa,64,0.12
green,2024,1,2024-01-01,Efectivo,15219,28.642
green,2024,1,2024-01-01,Sin cargo,192,0.361
green,2024,1,2024-01-01,Sin detalle (NULL/0),3266,6.147
green,2024,1,2024-01-01,Tarjeta,34393,64.728
yellow,2024,1,2024-01-01,Disputa,22679,0.791
yellow,2024,1,2024-01-01,Efectivo,422092,14.723
yellow,2024,1,2024-01-01,Sin cargo,10379,0.362
yellow,2024,1,2024-01-01,Sin detalle (NULL/0),115127,4.016
yellow,2024,1,2024-01-01,Tarjeta,2296522,80.108
green,2024,2,2024-02-01,Desconocido (5),1,0.002
green,2024,2,2024-02-01,Disputa,67,0.133
green,2024,2,2024-02-01,Efectivo,14097,28.045
green,2024,2,2024-02-01,Sin cargo,140,0.279
green,2024,2,2024-02-01,Sin detalle (NULL/0),2829,5.628
green,2024,2,2024-02-01,Tarjeta,33131,65.913
yellow,2024,2,2024-02-01,Disputa,23238,0.802
yellow,2024,2,2024-02-01,Efectivo,396031,13.662
yellow,2024,2,2024-02-01,Sin cargo,10256,0.354
yellow,2024,2,2024-02-01,Sin detalle (NULL/0),148813,5.134
yellow,2024,2,2024-02-01,Tarjeta,2320455,80.049
green,2024,3,2024-03-01,Desconocido (5),2,0.004
green,2024,3,2024-03-01,Disputa,65,0.12
green,2024,3,2024-03-01,Efectivo,16000,29.661
green,2024,3,2024-03-01,Sin cargo,130,0.241
green,2024,3,2024-03-01,Sin detalle (NULL/0),2040,3.782
green,2024,3,2024-03-01,Tarjeta,35706,66.192
yellow,2024,3,2024-03-01,Disputa,28432,0.827
yellow,2024,3,2024-03-01,Efectivo,457095,13.3
yellow,2024,3,2024-03-01,Sin cargo,12569,0.366
yellow,2024,3,2024-03-01,Sin detalle (NULL/0),364909,10.618
yellow,2024,3,2024-03-01,Tarjeta,2573767,74.889
green,2024,4,2024-04-01,Disputa,49,0.093
green,2024,4,2024-04-01,Efectivo,14301,27.092
green,2024,4,2024-04-01,Sin cargo,148,0.28
green,2024,4,2024-04-01,Sin detalle (NULL/0),1931,3.658
green,2024,4,2024-04-01,Tarjeta,36357,68.876
yellow,2024,4,2024-04-01,Disputa,27616,0.81
yellow,2024,4,2024-04-01,Efectivo,449748,13.185
yellow,2024,4,2024-04-01,Sin cargo,11848,0.347
yellow,2024,4,2024-04-01,Sin detalle (NULL/0),388203,11.381
yellow,2024,4,2024-04-01,Tarjeta,2533634,74.277
green,2024,5,2024-05-01,Disputa,60,0.105
green,2024,5,2024-05-01,Efectivo,15593,27.212
green,2024,5,2024-05-01,Sin cargo,180,0.314
green,2024,5,2024-05-01,Sin detalle (NULL/0),1837,3.206
green,2024,5,2024-05-01,Tarjeta,39632,69.163
yellow,2024,5,2024-05-01,Disputa,31248,0.865
yellow,2024,5,2024-05-01,Efectivo,480162,13.289
yellow,2024,5,2024-05-01,Sin cargo,12646,0.35
yellow,2024,5,2024-05-01,Sin detalle (NULL/0),385529,10.67
yellow,2024,5,2024-05-01,Tarjeta,2703651,74.826
green,2024,6,2024-06-01,Desconocido (5),3,0.006
green,2024,6,2024-06-01,Disputa,48,0.093
green,2024,6,2024-06-01,Efectivo,13933,27.049
green,2024,6,2024-06-01,Sin cargo,153,0.297
green,2024,6,2024-06-01,Sin detalle (NULL/0),1825,3.543
green,2024,6,2024-06-01,Tarjeta,35549,69.012
yellow,2024,6,2024-06-01,Disputa,31022,0.906
yellow,2024,6,2024-06-01,Efectivo,447979,13.079
yellow,2024,6,2024-06-01,Sin cargo,12738,0.372
yellow,2024,6,2024-06-01,Sin detalle (NULL/0),387213,11.305
yellow,2024,6,2024-06-01,Tarjeta,2546118,74.338
green,2024,7,2024-07-01,Desconocido (5),4,0.008
green,2024,7,2024-07-01,Disputa,49,0.101
green,2024,7,2024-07-01,Efectivo,13231,27.369
green,2024,7,2024-07-01,Sin cargo,149,0.308
green,2024,7,2024-07-01,Sin detalle (NULL/0),1540,3.186
green,2024,7,2024-07-01,Tarjeta,33370,69.028
yellow,2024,7,2024-07-01,Disputa,32155,1.082
yellow,2024,7,2024-07-01,Efectivo,432855,14.569
yellow,2024,7,2024-07-01,Sin cargo,13080,0.44
yellow,2024,7,2024-07-01,Sin detalle (NULL/0),262819,8.846
yellow,2024,7,2024-07-01,Tarjeta,2230064,75.062
green,2024,8,2024-08-01,Desconocido (5),3,0.006
green,2024,8,2024-08-01,Disputa,45,0.093
green,2024,8,2024-08-01,Efectivo,13131,27.104
green,2024,8,2024-08-01,Sin cargo,158,0.326
green,2024,8,2024-08-01,Sin detalle (NULL/0),1529,3.156
green,2024,8,2024-08-01,Tarjeta,33581,69.315
yellow,2024,8,2024-08-01,Disputa,33958,1.185
yellow,2024,8,2024-08-01,Efectivo,426955,14.905
yellow,2024,8,2024-08-01,Sin cargo,13216,0.461
yellow,2024,8,2024-08-01,Sin detalle (NULL/0),238451,8.324
yellow,2024,8,2024-08-01,Tarjeta,2151922,75.124
green,2024,9,2024-09-01,Desconocido (5),2,0.004
green,2024,9,2024-09-01,Disputa,34,0.067
green,2024,9,2024-09-01,Efectivo,13269,25.982
green,2024,9,2024-09-01,Sin cargo,137,0.268
green,2024,9,2024-09-01,Sin detalle (NULL/0),1640,3.211
green,2024,9,2024-09-01,Tarjeta,35987,70.467
yellow,2024,9,2024-09-01,Disputa,36022,1.035
yellow,2024,9,2024-09-01,Efectivo,421887,12.12
yellow,2024,9,2024-09-01,Sin cargo,13403,0.385
yellow,2024,9,2024-09-01,Sin detalle (NULL/0),430342,12.363
yellow,2024,9,2024-09-01,Tarjeta,2579250,74.097
green,2024,10,2024-10-01,Desconocido (5),2,0.004
green,2024,10,2024-10-01,Disputa,61,0.115
green,2024,10,2024-10-01,Efectivo,13617,25.694
green,2024,10,2024-10-01,Sin cargo,131,0.247
green,2024,10,2024-10-01,Sin detalle (NULL/0),1577,2.976
green,2024,10,2024-10-01,Tarjeta,37608,70.964
yellow,2024,10,2024-10-01,Disputa,39375,1.07
yellow,2024,10,2024-10-01,Efectivo,452409,12.297
yellow,2024,10,2024-10-01,Sin cargo,14600,0.397
yellow,2024,10,2024-10-01,Sin detalle (NULL/0),345120,9.381
yellow,2024,10,2024-10-01,Tarjeta,2827383,76.854
green,2024,11,2024-11-01,Desconocido (5),1,0.002
green,2024,11,2024-11-01,Disputa,47,0.096
green,2024,11,2024-11-01,Efectivo,12366,25.274
green,2024,11,2024-11-01,Sin cargo,121,0.247
green,2024,11,2024-11-01,Sin detalle (NULL/0),1514,3.094
green,2024,11,2024-11-01,Tarjeta,34879,71.286
yellow,2024,11,2024-11-01,Disputa,36756,1.048
yellow,2024,11,2024-11-01,Efectivo,425265,12.126
yellow,2024,11,2024-11-01,Sin cargo,14201,0.405
yellow,2024,11,2024-11-01,Sin detalle (NULL/0),335671,9.571
yellow,2024,11,2024-11-01,Tarjeta,2695104,76.849
green,2024,12,2024-12-01,Disputa,57,0.113
green,2024,12,2024-12-01,Efectivo,12905,25.585
green,2024,12,2024-12-01,Sin cargo,135,0.268
green,2024,12,2024-12-01,Sin detalle (NULL/0),1895,3.757
green,2024,12,2024-12-01,Tarjeta,35447,70.277
yellow,2024,12,2024-12-01,Disputa,42307,1.203
yellow,2024,12,2024-12-01,Efectivo,462370,13.152
yellow,2024,12,2024-12-01,Sin cargo,15047,0.428
yellow,2024,12,2024-12-01,Sin detalle (NULL/0),289111,8.223
yellow,2024,12,2024-12-01,Tarjeta,2706857,76.994
green,2025,1,2025-01-01,Desconocido (5),1,0.002
green,2025,1,2025-01-01,Disputa,40,0.089
green,2025,1,2025-01-01,Efectivo,10984,24.346
green,2025,1,2025-01-01,Sin cargo,117,0.259
green,2025,1,2025-01-01,Sin detalle (NULL/0),1753,3.886
green,2025,1,2025-01-01,Tarjeta,32221,71.418
yellow,2025,1,2025-01-01,Disputa,35493,1.092
yellow,2025,1,2025-01-01,Efectivo,367492,11.306
yellow,2025,1,2025-01-01,Sin cargo,12016,0.37
yellow,2025,1,2025-01-01,Sin detalle (NULL/0),412920,12.704
yellow,2025,1,2025-01-01,Tarjeta,2422461,74.529
green,2025,2,2025-02-01,Disputa,40,0.092
green,2025,2,2025-02-01,Efectivo,10116,23.36
green,2025,2,2025-02-01,Sin cargo,145,0.335
green,2025,2,2025-02-01,Sin detalle (NULL/0),2022,4.669
green,2025,2,2025-02-01,Tarjeta,30982,71.544
yellow,2025,2,2025-02-01,Disputa,35025,1.06
yellow,2025,2,2025-02-01,Efectivo,317722,9.615
yellow,2025,2,2025-02-01,Sin cargo,11343,0.343
yellow,2025,2,2025-02-01,Sin detalle (NULL/0),628136,19.009
yellow,2025,2,2025-02-01,Tarjeta,2312138,69.972
green,2025,3,2025-03-01,Desconocido (5),1,0.002
green,2025,3,2025-03-01,Disputa,49,0.103
green,2025,3,2025-03-01,Efectivo,11577,24.346
green,2025,3,2025-03-01,Sin cargo,154,0.324
green,2025,3,2025-03-01,Sin detalle (NULL/0),2771,5.827
green,2025,3,2025-03-01,Tarjeta,32999,69.397
yellow,2025,3,2025-03-01,Disputa,44703,1.169
yellow,2025,3,2025-03-01,Efectivo,377329,9.865
yellow,2025,3,2025-03-01,Sin cargo,14173,0.371
yellow,2025,3,2025-03-01,Sin detalle (NULL/0),725902,18.979
yellow,2025,3,2025-03-01,Tarjeta,2662681,69.616
green,2025,4,2025-04-01,Disputa,47,0.098
green,2025,4,2025-04-01,Efectivo,11199,23.318
green,2025,4,2025-04-01,Sin cargo,97,0.202
green,2025,4,2025-04-01,Sin detalle (NULL/0),2459,5.12
green,2025,4,2025-04-01,Tarjeta,34225,71.262
yellow,2025,4,2025-04-01,Disputa,47547,1.296
yellow,2025,4,2025-04-01,Efectivo,382211,10.415
yellow,2025,4,2025-04-01,Sin cargo,14504,0.395
yellow,2025,4,2025-04-01,Sin detalle (NULL/0),591361,16.114
yellow,2025,4,2025-04-01,Tarjeta,2634163,71.78
green,2025,5,2025-05-01,Desconocido (5),3,0.006
green,2025,5,2025-05-01,Disputa,66,0.128
green,2025,5,2025-05-01,Efectivo,11596,22.528
green,2025,5,2025-05-01,Sin cargo,140,0.272
green,2025,5,2025-05-01,Sin detalle (NULL/0),2620,5.09
green,2025,5,2025-05-01,Tarjeta,37049,71.976
yellow,2025,5,2025-05-01,Disputa,51174,1.251
yellow,2025,5,2025-05-01,Efectivo,382709,9.357
yellow,2025,5,2025-05-01,Sin cargo,15142,0.37
yellow,2025,5,2025-05-01,Sin detalle (NULL/0),877034,21.443
yellow,2025,5,2025-05-01,Tarjeta,2764013,67.579
green,2025,6,2025-06-01,Desconocido (5),1,0.002
green,2025,6,2025-06-01,Disputa,52,0.112
green,2025,6,2025-06-01,Efectivo,10716,23.062
green,2025,6,2025-06-01,Sin cargo,112,0.241
green,2025,6,2025-06-01,Sin detalle (NULL/0),3056,6.577
green,2025,6,2025-06-01,Tarjeta,32529,70.006
yellow,2025,6,2025-06-01,Desconocido (5),1,0.0
yellow,2025,6,2025-06-01,Disputa,48610,1.257
yellow,2025,6,2025-06-01,Efectivo,351481,9.089
yellow,2025,6,2025-06-01,Sin cargo,14058,0.364
yellow,2025,6,2025-06-01,Sin detalle (NULL/0),936064,24.206
yellow,2025,6,2025-06-01,Tarjeta,2516781,65.084
green,2025,7,2025-07-01,Desconocido (5),2,0.004
green,2025,7,2025-07-01,Disputa,34,0.074
green,2025,7,2025-07-01,Efectivo,10277,22.399
green,2025,7,2025-07-01,Sin cargo,119,0.259
green,2025,7,2025-07-01,Sin detalle (NULL/0),4775,10.407
green,2025,7,2025-07-01,Tarjeta,30674,66.856
yellow,2025,7,2025-07-01,Disputa,51247,1.467
yellow,2025,7,2025-07-01,Efectivo,350075,10.022
yellow,2025,7,2025-07-01,Sin cargo,13979,0.4
yellow,2025,7,2025-07-01,Sin detalle (NULL/0),800662,22.922
yellow,2025,7,2025-07-01,Tarjeta,2276963,65.188
green,2025,8,2025-08-01,Desconocido (5),4,0.009
green,2025,8,2025-08-01,Disputa,31,0.07
green,2025,8,2025-08-01,Efectivo,10025,22.779
green,2025,8,2025-08-01,Sin cargo,107,0.243
green,2025,8,2025-08-01,Sin detalle (NULL/0),4412,10.025
green,2025,8,2025-08-01,Tarjeta,29431,66.873
yellow,2025,8,2025-08-01,Disputa,52018,1.636
yellow,2025,8,2025-08-01,Efectivo,338009,10.633
yellow,2025,8,2025-08-01,Sin cargo,14091,0.443
yellow,2025,8,2025-08-01,Sin detalle (NULL/0),652338,20.521
yellow,2025,8,2025-08-01,Tarjeta,2122402,66.766
green,2025,9,2025-09-01,Desconocido (5),1,0.002
green,2025,9,2025-09-01,Disputa,26,0.056
green,2025,9,2025-09-01,Efectivo,9657,20.689
green,2025,9,2025-09-01,Sin cargo,79,0.169
green,2025,9,2025-09-01,Sin detalle (NULL/0),5014,10.742
green,2025,9,2025-09-01,Tarjeta,31901,68.343
yellow,2025,9,2025-09-01,Disputa,52082,1.358
yellow,2025,9,2025-09-01,Efectivo,337863,8.807
yellow,2025,9,2025-09-01,Sin cargo,13996,0.365
yellow,2025,9,2025-09-01,Sin detalle (NULL/0),827161,21.563
yellow,2025,9,2025-09-01,Tarjeta,2604981,67.907
green,2025,10,2025-10-01,Disputa,32,0.068
green,2025,10,2025-10-01,Efectivo,9556,20.348
green,2025,10,2025-10-01,Sin cargo,91,0.194
green,2025,10,2025-10-01,Sin detalle (NULL/0),4560,9.71
green,2025,10,2025-10-01,Tarjeta,32723,69.68
yellow,2025,10,2025-10-01,Disputa,45831,1.163
yellow,2025,10,2025-10-01,Efectivo,366009,9.286
yellow,2025,10,2025-10-01,Sin cargo,13491,0.342
yellow,2025,10,2025-10-01,Sin detalle (NULL/0),682309,17.311
yellow,2025,10,2025-10-01,Tarjeta,2833920,71.898
green,2025,11,2025-11-01,Desconocido (5),2,0.004
green,2025,11,2025-11-01,Disputa,30,0.067
green,2025,11,2025-11-01,Efectivo,8929,20.078
green,2025,11,2025-11-01,Sin cargo,108,0.243
green,2025,11,2025-11-01,Sin detalle (NULL/0),5011,11.268
green,2025,11,2025-11-01,Tarjeta,30391,68.339
yellow,2025,11,2025-11-01,Disputa,33196,0.912
yellow,2025,11,2025-11-01,Efectivo,346499,9.516
yellow,2025,11,2025-11-01,Sin cargo,11040,0.303
yellow,2025,11,2025-11-01,Sin detalle (NULL/0),622911,17.107
yellow,2025,11,2025-11-01,Tarjeta,2627702,72.163
green,2025,12,2025-12-01,Disputa,37,0.081
green,2025,12,2025-12-01,Efectivo,9727,21.341
green,2025,12,2025-12-01,Sin cargo,102,0.224
green,2025,12,2025-12-01,Sin detalle (NULL/0),5190,11.387
green,2025,12,2025-12-01,Tarjeta,30524,66.968
yellow,2025,12,2025-12-01,Disputa,33958,0.839
yellow,2025,12,2025-12-01,Efectivo,372700,9.209
yellow,2025,12,2025-12-01,Sin cargo,11304,0.279
yellow,2025,12,2025-12-01,Sin detalle (NULL/0),1084669,26.8
yellow,2025,12,2025-12-01,Tarjeta,2544591,62.873
green,2026,1,2026-01-01,Disputa,29,0.076
green,2026,1,2026-01-01,Efectivo,7952,20.879
green,2026,1,2026-01-01,Sin cargo,95,0.249
green,2026,1,2026-01-01,Sin detalle (NULL/0),4803,12.611
green,2026,1,2026-01-01,Tarjeta,25207,66.184
yellow,2026,1,2026-01-01,Disputa,27578,0.785
yellow,2026,1,2026-01-01,Efectivo,292228,8.314
yellow,2026,1,2026-01-01,Sin cargo,8984,0.256
yellow,2026,1,2026-01-01,Sin detalle (NULL/0),994367,28.29
yellow,2026,1,2026-01-01,Tarjeta,2191769,62.356
green,2026,2,2026-02-01,Disputa,30,0.085
green,2026,2,2026-02-01,Efectivo,7122,20.284
green,2026,2,2026-02-01,Sin cargo,93,0.265
green,2026,2,2026-02-01,Sin detalle (NULL/0),4762,13.562
green,2026,2,2026-02-01,Tarjeta,23105,65.804
yellow,2026,2,2026-02-01,Disputa,19058,0.594
yellow,2026,2,2026-02-01,Efectivo,255302,7.957
yellow,2026,2,2026-02-01,Sin cargo,6700,0.209
yellow,2026,2,2026-02-01,Sin detalle (NULL/0),928098,28.926
yellow,2026,2,2026-02-01,Tarjeta,1999378,62.314
green,2026,3,2026-03-01,Disputa,31,0.074
green,2026,3,2026-03-01,Efectivo,8153,19.565
green,2026,3,2026-03-01,Sin cargo,94,0.226
green,2026,3,2026-03-01,Sin detalle (NULL/0),5887,14.127
green,2026,3,2026-03-01,Tarjeta,27506,66.008
yellow,2026,3,2026-03-01,Disputa,15572,0.414
yellow,2026,3,2026-03-01,Efectivo,333399,8.866
yellow,2026,3,2026-03-01,Sin cargo,7406,0.197
yellow,2026,3,2026-03-01,Sin detalle (NULL/0),858586,22.832
yellow,2026,3,2026-03-01,Tarjeta,2545472,67.691
green,2026,4,2026-04-01,Disputa,32,0.077
green,2026,4,2026-04-01,Efectivo,8026,19.306
green,2026,4,2026-04-01,Sin cargo,84,0.202
green,2026,4,2026-04-01,Sin detalle (NULL/0),5577,13.415
green,2026,4,2026-04-01,Tarjeta,27854,67.0
yellow,2026,4,2026-04-01,Disputa,11485,0.313
yellow,2026,4,2026-04-01,Efectivo,342533,9.329
yellow,2026,4,2026-04-01,Sin cargo,7042,0.192
yellow,2026,4,2026-04-01,Sin detalle (NULL/0),738919,20.124
yellow,2026,4,2026-04-01,Tarjeta,2571827,70.043
green,2026,5,2026-05-01,Disputa,23,0.054
green,2026,5,2026-05-01,Efectivo,8463,19.988
green,2026,5,2026-05-01,Sin cargo,71,0.168
green,2026,5,2026-05-01,Sin detalle (NULL/0),5010,11.833
green,2026,5,2026-05-01,Tarjeta,28773,67.957
yellow,2026,5,2026-05-01,Disputa,11553,0.295
yellow,2026,5,2026-05-01,Efectivo,353023,9.029
yellow,2026,5,2026-05-01,Sin cargo,7051,0.18
yellow,2026,5,2026-05-01,Sin detalle (NULL/0),877726,22.449
yellow,2026,5,2026-05-01,Tarjeta,2660452,68.046
green,2026,6,2026-06-01,Disputa,33,0.079
green,2026,6,2026-06-01,Efectivo,8037,19.347
green,2026,6,2026-06-01,Sin cargo,74,0.178
green,2026,6,2026-06-01,Sin detalle (NULL/0),5620,13.529
green,2026,6,2026-06-01,Tarjeta,27777,66.866
yellow,2026,6,2026-06-01,Disputa,11059,0.303
yellow,2026,6,2026-06-01,Efectivo,338406,9.287
yellow,2026,6,2026-06-01,Sin cargo,6410,0.176
yellow,2026,6,2026-06-01,Sin detalle (NULL/0),921083,25.277
yellow,2026,6,2026-06-01,Tarjeta,2367013,64.957
green,2026,7,2026-07-01,Disputa,38,0.099
green,2026,7,2026-07-01,Efectivo,7123,18.466
green,2026,7,2026-07-01,Sin cargo,66,0.171
green,2026,7,2026-07-01,Sin detalle (NULL/0),5531,14.339
green,2026,7,2026-07-01,Tarjeta,25816,66.926
yellow,2026,7,2026-07-01,Disputa,10751,0.322
yellow,2026,7,2026-07-01,Efectivo,327615,9.797
yellow,2026,7,2026-07-01,Sin cargo,6291,0.188
yellow,2026,7,2026-07-01,Sin detalle (NULL/0),876737,26.218
yellow,2026,7,2026-07-01,Tarjeta,2122575,63.475
green,2026,8,2026-08-01,Disputa,33,0.087
green,2026,8,2026-08-01,Efectivo,7572,19.894
green,2026,8,2026-08-01,Sin cargo,60,0.158
green,2026,8,2026-08-01,Sin detalle (NULL/0),5476,14.387
green,2026,8,2026-08-01,Tarjeta,24920,65.474
yellow,2026,8,2026-08-01,Disputa,10768,0.341
yellow,2026,8,2026-08-01,Efectivo,312373,9.88
yellow,2026,8,2026-08-01,Sin cargo,5917,0.187
yellow,2026,8,2026-08-01,Sin detalle (NULL/0),838091,26.508
yellow,2026,8,2026-08-01,Tarjeta,1994543,63.085
