taxi,anio,mes,mes_fecha,registros_originales,viajes_conservados,registros_descartados,pct_conservado
green,2024,1,2024-01-01,56551,53135,3416,93.959
yellow,2024,1,2024-01-01,2964624,2866799,97825,96.7
green,2024,2,2024-02-01,53577,50265,3312,93.818
yellow,2024,2,2024-02-01,3007526,2898793,108733,96.385
green,2024,3,2024-03-01,57457,53943,3514,93.884
yellow,2024,3,2024-03-01,3582628,3436772,145856,95.929
green,2024,4,2024-04-01,56471,52786,3685,93.475
yellow,2024,4,2024-04-01,3514289,3411049,103240,97.062
green,2024,5,2024-05-01,61003,57302,3701,93.933
yellow,2024,5,2024-05-01,3723833,3613236,110597,97.03
green,2024,6,2024-06-01,54748,51511,3237,94.087
yellow,2024,6,2024-06-01,3539193,3425070,114123,96.775
green,2024,7,2024-07-01,51837,48343,3494,93.26
yellow,2024,7,2024-07-01,3076903,2970973,105930,96.557
green,2024,8,2024-08-01,51771,48447,3324,93.579
yellow,2024,8,2024-08-01,2979183,2864502,114681,96.151
green,2024,9,2024-09-01,54440,51069,3371,93.808
yellow,2024,9,2024-09-01,3633030,3480904,152126,95.813
green,2024,10,2024-10-01,56147,52996,3151,94.388
yellow,2024,10,2024-10-01,3833771,3678887,154884,95.96
green,2024,11,2024-11-01,52222,48928,3294,93.692
yellow,2024,11,2024-11-01,3646369,3506997,139372,96.178
green,2024,12,2024-12-01,53994,50439,3555,93.416
yellow,2024,12,2024-12-01,3668371,3515692,152679,95.838
green,2025,1,2025-01-01,48326,45116,3210,93.358
yellow,2025,1,2025-01-01,3475226,3250382,224844,93.53
green,2025,2,2025-02-01,46621,43305,3316,92.887
yellow,2025,2,2025-02-01,3577543,3304364,273179,92.364
green,2025,3,2025-03-01,51539,47551,3988,92.262
yellow,2025,3,2025-03-01,4145257,3824788,320469,92.269
green,2025,4,2025-04-01,52132,48027,4105,92.126
yellow,2025,4,2025-04-01,3970553,3669786,300767,92.425
green,2025,5,2025-05-01,55399,51474,3925,92.915
yellow,2025,5,2025-05-01,4591845,4090072,501773,89.073
green,2025,6,2025-06-01,49390,46466,2924,94.08
yellow,2025,6,2025-06-01,4322960,3866995,455965,89.452
green,2025,7,2025-07-01,48205,45881,2324,95.179
yellow,2025,7,2025-07-01,3898963,3492926,406037,89.586
green,2025,8,2025-08-01,46306,44010,2296,95.042
yellow,2025,8,2025-08-01,3574091,3178858,395233,88.942
green,2025,9,2025-09-01,48893,46678,2215,95.47
yellow,2025,9,2025-09-01,4251015,3836083,414932,90.239
green,2025,10,2025-10-01,49416,46962,2454,95.034
yellow,2025,10,2025-10-01,4428699,3941560,487139,89.0
green,2025,11,2025-11-01,46912,44471,2441,94.797
yellow,2025,11,2025-11-01,4181444,3641348,540096,87.084
green,2025,12,2025-12-01,48236,45580,2656,94.494
yellow,2025,12,2025-12-01,4305006,4047222,257784,94.012
green,2026,1,2026-01-01,40272,38086,2186,94.572
yellow,2026,1,2026-01-01,3724889,3514926,209963,94.363
green,2026,2,2026-02-01,37373,35112,2261,93.95
yellow,2026,2,2026-02-01,3399866,3208536,191330,94.372
green,2026,3,2026-03-01,44208,41671,2537,94.261
yellow,2026,3,2026-03-01,3952451,3760435,192016,95.142
green,2026,4,2026-04-01,44238,41573,2665,93.976
yellow,2026,4,2026-04-01,3831240,3671806,159434,95.839
green,2026,5,2026-05-01,44921,42340,2581,94.254
yellow,2026,5,2026-05-01,4090836,3909805,181031,95.575
green,2026,6,2026-06-01,44163,41541,2622,94.063
yellow,2026,6,2026-06-01,3837248,3643971,193277,94.963
green,2026,7,2026-07-01,41252,38574,2678,93.508
yellow,2026,7,2026-07-01,3530109,3343969,186140,94.727
green,2026,8,2026-08-01,40687,38061,2626,93.546
yellow,2026,8,2026-08-01,3336716,3161692,175024,94.755
