taxi,anio,mes,mes_fecha,viajes,dias_calendario,viajes_por_dia,pct_del_mes,variacion_interanual_pct
green,2024,1,2024-01-01,53135,31,1714.03,1.82,
yellow,2024,1,2024-01-01,2866799,31,92477.39,98.18,
green,2024,2,2024-02-01,50265,29,1733.28,1.704,
yellow,2024,2,2024-02-01,2898793,29,99958.38,98.296,
green,2024,3,2024-03-01,53943,31,1740.1,1.545,
yellow,2024,3,2024-03-01,3436772,31,110863.61,98.455,
green,2024,4,2024-04-01,52786,30,1759.53,1.524,
yellow,2024,4,2024-04-01,3411049,30,113701.63,98.476,
green,2024,5,2024-05-01,57302,31,1848.45,1.561,
yellow,2024,5,2024-05-01,3613236,31,116556.0,98.439,
green,2024,6,2024-06-01,51511,30,1717.03,1.482,
yellow,2024,6,2024-06-01,3425070,30,114169.0,98.518,
green,2024,7,2024-07-01,48343,31,1559.45,1.601,
yellow,2024,7,2024-07-01,2970973,31,95837.84,98.399,
green,2024,8,2024-08-01,48447,31,1562.81,1.663,
yellow,2024,8,2024-08-01,2864502,31,92403.29,98.337,
green,2024,9,2024-09-01,51069,30,1702.3,1.446,
yellow,2024,9,2024-09-01,3480904,30,116030.13,98.554,
green,2024,10,2024-10-01,52996,31,1709.55,1.42,
yellow,2024,10,2024-10-01,3678887,31,118673.77,98.58,
green,2024,11,2024-11-01,48928,30,1630.93,1.376,
yellow,2024,11,2024-11-01,3506997,30,116899.9,98.624,
green,2024,12,2024-12-01,50439,31,1627.06,1.414,
yellow,2024,12,2024-12-01,3515692,31,113409.42,98.586,
green,2025,1,2025-01-01,45116,31,1455.35,1.369,-15.09
yellow,2025,1,2025-01-01,3250382,31,104851.03,98.631,13.38
green,2025,2,2025-02-01,43305,28,1546.61,1.294,-13.85
yellow,2025,2,2025-02-01,3304364,28,118013.0,98.706,13.99
green,2025,3,2025-03-01,47551,31,1533.9,1.228,-11.85
yellow,2025,3,2025-03-01,3824788,31,123380.26,98.772,11.29
green,2025,4,2025-04-01,48027,30,1600.9,1.292,-9.02
yellow,2025,4,2025-04-01,3669786,30,122326.2,98.708,7.59
green,2025,5,2025-05-01,51474,31,1660.45,1.243,-10.17
yellow,2025,5,2025-05-01,4090072,31,131937.81,98.757,13.2
green,2025,6,2025-06-01,46466,30,1548.87,1.187,-9.79
yellow,2025,6,2025-06-01,3866995,30,128899.83,98.813,12.9
green,2025,7,2025-07-01,45881,31,1480.03,1.297,-5.09
yellow,2025,7,2025-07-01,3492926,31,112675.03,98.703,17.57
green,2025,8,2025-08-01,44010,31,1419.68,1.366,-9.16
yellow,2025,8,2025-08-01,3178858,31,102543.81,98.634,10.97
green,2025,9,2025-09-01,46678,30,1555.93,1.202,-8.6
yellow,2025,9,2025-09-01,3836083,30,127869.43,98.798,10.2
green,2025,10,2025-10-01,46962,31,1514.9,1.177,-11.39
yellow,2025,10,2025-10-01,3941560,31,127147.1,98.823,7.14
green,2025,11,2025-11-01,44471,30,1482.37,1.207,-9.11
yellow,2025,11,2025-11-01,3641348,30,121378.27,98.793,3.83
green,2025,12,2025-12-01,45580,31,1470.32,1.114,-9.63
yellow,2025,12,2025-12-01,4047222,31,130555.55,98.886,15.12
green,2026,1,2026-01-01,38086,31,1228.58,1.072,-15.58
yellow,2026,1,2026-01-01,3514926,31,113384.71,98.928,8.14
green,2026,2,2026-02-01,35112,28,1254.0,1.082,-18.92
yellow,2026,2,2026-02-01,3208536,28,114590.57,98.918,-2.9
green,2026,3,2026-03-01,41671,31,1344.23,1.096,-12.37
yellow,2026,3,2026-03-01,3760435,31,121304.35,98.904,-1.68
green,2026,4,2026-04-01,41573,30,1385.77,1.12,-13.44
yellow,2026,4,2026-04-01,3671806,30,122393.53,98.88,0.06
green,2026,5,2026-05-01,42340,31,1365.81,1.071,-17.74
yellow,2026,5,2026-05-01,3909805,31,126122.74,98.929,-4.41
green,2026,6,2026-06-01,41541,30,1384.7,1.127,-10.6
yellow,2026,6,2026-06-01,3643971,30,121465.7,98.873,-5.77
green,2026,7,2026-07-01,38574,31,1244.32,1.14,-15.93
yellow,2026,7,2026-07-01,3343969,31,107869.97,98.86,-4.26
green,2026,8,2026-08-01,38061,31,1227.77,1.189,-13.52
yellow,2026,8,2026-08-01,3161692,31,101990.06,98.811,-0.54
